Name;Age;Class;
ABBING, Mr Anthony ;42 ;3rd Class Passenger ;
A. Abbing
ABBOTT, Mr Ernest Owen ;21 ;Victualling Crew ;
ABBOTT, Mr Eugene Joseph ;13 ;3rd Class Passenger ;
ABBOTT, Mr Rossmore Edward ;16 ;3rd Class Passenger ;
R. Abbott
ABELSON, Mr Samuel ;30 ;2nd Class Passenger ;
ABī SA'B, Mr Jirjis Yūsuf ;45 ;3rd Class Passenger ;
ABRAMS, Mr William Thomas ;34 ;Engineering Crew ;
ÅDAHL, Mr Mauritz ;30 ;3rd Class Passenger ;
ADAMS, Mr John ;27 ;3rd Class Passenger ;
ADAMS, Mr Robert John ;26 ;Engineering Crew ;
AHIER, Mr Percy Snowden ;20 ;Victualling Crew ;
AHLIN, Mrs Johanna Persdotter ;40 ;3rd Class Passenger ;
ÅKERLIND, Mr Erik Gustaf ;42 ;1st Class Passenger ;
AKERMAN, Mr Joseph Francis ;37 ;Victualling Crew ;
AKERMAN, Mr Albert Edward ;31 ;Victualling Crew ;
AL-MUNà, Mr Farīd Husayn Qāsim ;19 ;3rd Class Passenger ;
ALDWORTH, Mr Augustus Henry ;35 ;2nd Class Passenger
Servant ;
ALEXANDER, Mr William Albert ;25 ;3rd Class Passenger ;
W. Alexander
ALHOMäKI, Mr Ilmari Rudolf ;19 ;3rd Class Passenger ;
ALI, Mr William ;25 ;3rd Class Passenger ;
ALI, Mr Ahmed ;24 ;3rd Class Passenger ;
ALLARIA, Sig. Battista Antonio ;22 ;Restaurant Staff ;
B. Allaria
ALLEN, Mr Henry ;30 ;Engineering Crew ;
ALLEN, Mr Robert Spencer ;36 ;Victualling Crew ;
ALLEN, Mr William Henry ;39 ;3rd Class Passenger ;
W. Allen
ALLEN, Mr George ;26 ;Victualling Crew ;
ALLISON, Miss Helen Loraine ;2 ;1st Class Passenger ;
H. Allison
ALLISON, Mrs Bessie Waldo ;25 ;1st Class Passenger ;
B. Allison
ALLISON, Mr Hudson Joshua Creighton ;30 ;1st Class Passenger ;
H. Allison
ALLSOP, Mr Alfred Samuel ;36 ;Engineering Crew ;
A. Allsop
ALLSOP, Mr Frank Richard ;41 ;Victualling Crew ;
ALLUM, Mr Owen George ;18 ;3rd Class Passenger ;
ANDERSEN, Mr Albert Kaurin ;33 ;3rd Class Passenger ;
ANDERSON, Mr Walter Yuill ;48 ;Victualling Crew ;
ANDERSSON, Miss Ingeborg Constanzia ;9 ;3rd Class Passenger ;
ANDERSSON, Miss Sigrid Elisabeth ;11 ;3rd Class Passenger ;
ANDERSSON, Mrs Alfrida Konstantia Brogren ;39 ;3rd Class Passenger ;
ANDERSSON, Mr Anders Johan ;39 ;3rd Class Passenger ;
ANDERSSON, Miss Ellis Anna Maria ;2 ;3rd Class Passenger ;
ANDERSSON, Miss Ida Augusta Margareta ;38 ;3rd Class Passenger ;
I. Andersson
ANDERSSON, Master Sigvard Harald Elias ;4 ;3rd Class Passenger ;
ANDERSSON, Mr Johan Samuel ;26 ;3rd Class Passenger ;
J. Andersson
ANDERSSON, Miss Ebba Iris Alfrida ;6 ;3rd Class Passenger ;
ANDREASSON, Mr Pål Edvin ;20 ;3rd Class Passenger ;
ANDREW, Mr Frank Thomas ;27 ;2nd Class Passenger ;
F. Andrew
ANDREW, Mr Edgar Samuel ;17 ;2nd Class Passenger ;
E. Andrew
ANDREWS, Mr Thomas ;39 ;1st Class Passenger
H&W Guarantee Group ;
T. Andrews
ANGHELOFF, Mr Minko ;26 ;3rd Class Passenger ;
M. Angheloff
ANGLE, Mr William ;31 ;2nd Class Passenger ;
ARNOLD-FRANCHI, Mrs Josefine ;18 ;3rd Class Passenger ;
ARNOLD-FRANCHI, Mr Josef ;25 ;3rd Class Passenger ;
ARONSSON, Mr Ernst Axel Algot ;25 ;3rd Class Passenger ;
ARTAGAVEYTIA, Mr Ramon ;71 ;1st Class Passenger ;
R. Artagaveytia
ASHBY, Mr John ;57 ;2nd Class Passenger ;
ASHCROFT, Mr Austin Aloysius ;26 ;Victualling Crew ;
ASHE, Mr Henry Wellesley ;41 ;Victualling Crew ;
H. Ashe
ASIM, Mr Adola ;35 ;3rd Class Passenger ;
ASPESLAGH, Mr Georges ;26 ;Restaurant Staff ;
ASPLUND, Master Clarence Gustaf Hugo ;9 ;3rd Class Passenger ;
ASPLUND, Master Filip Oscar ;13 ;3rd Class Passenger ;
ASPLUND, Master Carl Edgar ;5 ;3rd Class Passenger ;
ASPLUND, Mr Carl Oscar Vilhelm Gustafsson ;40 ;3rd Class Passenger ;
ASSAM, Mr Ali ;23 ;3rd Class Passenger ;
ASTOR, Colonel John Jacob ;47 ;1st Class Passenger ;
J. Astor
ATā ALLāH, Miss Malakah ;18 ;3rd Class Passenger ;
ATTALA, Mr Sleiman ;27 ;3rd Class Passenger ;
AUGUSTSSON, Mr Albert ;23 ;3rd Class Passenger ;
A. Augustsson
AYLING, Mr Edwin George ;23 ;Victualling Crew ;
BACK, Mr Charles Frederick ;37 ;Victualling Crew ;
BACKSTRöM, Mr Karl Alfred ;32 ;3rd Class Passenger ;
BADT, Mr Mohamed ;40 ;3rd Class Passenger ;
BAGLEY, Mr Edward Henry ;33 ;Victualling Crew ;
E. Bagley
BAILEY, Mr George ;44 ;Victualling Crew ;
BAILEY, Mr Percy ;18 ;2nd Class Passenger ;
P. Bailey
BAILEY, Mr George Frank ;46 ;Engineering Crew ;
BAINBRIGGE, Mr Charles Robert ;22 ;2nd Class Passenger ;
BAINES, Mr Richard ;58 ;Engineering Crew ;
BALKIC, Mr Cerin ;26 ;3rd Class Passenger ;
BANEWER, Mr Solomon ;42 ;2nd Class Passenger ;
BANFI, Sig. Ugo ;24 ;Restaurant Staff ;
BANFIELD, Mr Frederick James ;28 ;2nd Class Passenger ;
F. Banfield
BANNON, Mr John Joseph ;34 ;Engineering Crew ;
BARBARA, Miss Saiide ;18 ;3rd Class Passenger ;
BARBARA, Mrs Catherine David ;45 ;3rd Class Passenger ;
BARKER, Mr Ernest Thomas ;41 ;Victualling Crew ;
BARKER, Mr Albert Vale ;19 ;Victualling Crew ;
BARKER, Mr Reginald Lomond ;42 ;Victualling Crew ;
R. Barker
BARLOW, Mr Charles Henry ;30 ;Engineering Crew ;
BARLOW, Mr George ;39 ;Victualling Crew ;
BARNES, Mr John ;40 ;Engineering Crew ;
BARNES, Mr Frederick Charles ;40 ;Victualling Crew ;
BARNES, Mr Charles ;29 ;Engineering Crew ;
BARRATT, Mr Arthur ;16 ;Victualling Crew ;
A. Barratt
BARRETT, Mr Frederick William ;33 ;Engineering Crew ;
BARRINGER, Mr Arthur William ;34 ;Victualling Crew ;
BARROW, Mr Charles Henry John Barrow ;36 ;Victualling Crew ;
BARROWS, Mr William ;32 ;Victualling Crew ;
BARRY, Miss Julia ;33 ;3rd Class Passenger ;
BARTON, Mr David John ;22 ;3rd Class Passenger ;
D. Barton
BARTON, Mr Sidney John ;26 ;Victualling Crew ;
BASILICO, Sig. Giovanni ;27 ;Restaurant Staff ;
BATEMAN, Revd Robert James ;52 ;2nd Class Passenger ;
R. Bateman
BATOSHEV, Mr Hristo Lalev ;23 ;3rd Class Passenger ;
BAUMANN, Mr John David ;48 ;1st Class Passenger ;
J. Baumann
BAXTER, Mr Quigg Edmond ;24 ;1st Class Passenger ;
Q. Baxter
BAXTER, Mr Thomas Ferguson ;55 ;Victualling Crew ;
BAXTER, Mr Harry Ross ;53 ;Victualling Crew ;
BAZZī, Mr Rashīd Al-Hāj 'Adb al-Husayn ;30 ;3rd Class Passenger ;
BAZZI, Sig. Narciso ;33 ;Restaurant Staff ;
N. Bazzi
BEATTIE, Mr Thomson ;36 ;1st Class Passenger ;
T. Beattie
BEATTIE, Mr Joseph ;35 ;Engineering Crew ;
BEAUCHAMP, Mr Henry James ;44 ;2nd Class Passenger ;
BEAVAN, Mr William Thomas ;20 ;3rd Class Passenger ;
BEDFORD, Mr William Barnett ;31 ;Victualling Crew ;
BEEDEM, Mr George Arthur ;35 ;Victualling Crew ;
BEERE, Mr William ;19 ;Victualling Crew ;
W. Beere
BELL, Mr Joseph ;51 ;Engineering Crew ;
J. Bell
BENDELL, Mr Frank ;24 ;Engineering Crew ;
BENGTSSON, Mr Jan Viktor ;26 ;3rd Class Passenger ;
J. Bengtsson
BENHAM, Mr Fred John ;30 ;Victualling Crew ;
BENNETT, Mr George Alfred ;30 ;Engineering Crew ;
G. Bennett
BENVILLE, Mr Edward ;47 ;Engineering Crew ;
BERGLUND, Mr Karl Ivar Sven ;22 ;3rd Class Passenger ;
BERNARDI, Sig. Battista ;22 ;Restaurant Staff ;
BERRIMAN, Mr William John ;23 ;2nd Class Passenger ;
BESSANT, Mr William Edward Lowe ;39 ;Engineering Crew ;
BESSANT, Mr Edward ;31 ;Victualling Crew ;
BEST, Mr Edwin Alfred ;40 ;Victualling Crew ;
BEUX, Mr David ;25 ;Restaurant Staff ;
BEVIS, Mr Joseph Henry ;22 ;Engineering Crew ;
BIDDLECOMBE, Mr Reginald Charles ;31 ;Engineering Crew ;
BIéTRIX, Mr George Baptiste ;28 ;Restaurant Staff ;
BIGGS, Mr Edward Charles ;20 ;Engineering Crew ;
BILLOWS, Mr James ;20 ;Engineering Crew ;
BIRKELAND, Mr Hans Martin Monsen ;21 ;3rd Class Passenger ;
BIRNBAUM, Mr Jakob ;24 ;1st Class Passenger ;
BISHOP, Mr Walter Alexander ;34 ;Victualling Crew ;
BJöRKLUND, Mr Ernst Herbert ;18 ;3rd Class Passenger ;
BLACK, Mr D. ;41 ;Engineering Crew
Substitute Crew ;
BLACK, Mr Alexander ;28 ;Engineering Crew ;
BLACKMAN, Mr Albert Edward ;23 ;Engineering Crew ;
BLACKWELL, Mr Stephen Weart ;45 ;1st Class Passenger ;
BLADES, Mr Charles Frederick ;18 ;Victualling Crew ;
BLAKE, Mr Thomas Henry ;37 ;Engineering Crew ;
BLAKE, Mr John Douglas Stanley George ;26 ;Engineering Crew ;
BLANEY, Mr James ;32 ;Engineering Crew ;
BLANN, Mr Eustace Horatius ;22 ;Engineering Crew ;
BLUMET, Mr Jean Baptiste ;26 ;Restaurant Staff ;
BOCHATAY, Mr Alexis Joseph ;30 ;Victualling Crew ;
BOCHET, Mr Pierre Giuseppe ;43 ;Restaurant Staff ;
BOGIE, Mr Norman Leslie ;59 ;Victualling Crew ;
BOLHUIS, Mr Hendrik ;27 ;Restaurant Staff ;
BOND, Mr William John ;45 ;Victualling Crew ;
BOOTHBY, Mr Walter Thomas ;37 ;Victualling Crew ;
BOREBANK, Mr John James ;41 ;1st Class Passenger ;
J. Borebank
BOSTANDYEFF, Mr Guentcho ;26 ;3rd Class Passenger ;
BOSTON, Mr William John ;33 ;Victualling Crew ;
BOTSFORD, Mr William Hull ;25 ;2nd Class Passenger ;
W. Botsford
BOTT, Mr William Thomas ;46 ;Engineering Crew ;
W. Bott
BOUGHTON, Mr Bernard John ;24 ;Victualling Crew ;
BOURKE, Miss Mary ;40 ;3rd Class Passenger ;
BOURKE, Mrs Catherine ;32 ;3rd Class Passenger ;
BOURKE, Mr John ;42 ;3rd Class Passenger ;
BOWEN, Mr David John 'Dai' ;20 ;3rd Class Passenger ;
D. Bowen
BOYD, Mr John ;37 ;Victualling Crew ;
BOYES, Mr John Henry ;36 ;Victualling Crew ;
BRACKEN, Mr James Hollen ;30 ;2nd Class Passenger ;
J. Bracken
BRADLEY, Mr Thomas Henry ;28 ;Deck Crew ;
BRADLEY, Mr Patrick Joseph ;38 ;Engineering Crew ;
P. Bradley
BRADSHAW, Mr John Albert Perkin ;42 ;Victualling Crew ;
BRADY, Mr John Bertram ;41 ;1st Class Passenger ;
J. Brady
BRAF, Miss Elin Ester Maria ;20 ;3rd Class Passenger ;
E. Braf
BRAILEY, Mr William Theodore Ronald ;24 ;2nd Class Passenger
Musician ;
W. Brailey
BRANDEIS, Mr Emil Franklin ;48 ;1st Class Passenger ;
E. Brandeis
BRAUND, Mr Owen Harris ;23 ;3rd Class Passenger ;
O. Braund
BRAUND, Mr Lewis Richard ;29 ;3rd Class Passenger ;
L. Braund
BREWE, Dr Arthur Jackson ;45 ;1st Class Passenger ;
A. Brewe
BREWER, Mr Harry ;30 ;Engineering Crew ;
BREWSTER, Mr George Henry ;52 ;Victualling Crew ;
BRIANT, Mr Arthur ;30 ;Engineering Crew ;
BRIANT, Mr Albert ;34 ;Engineering Crew ;
A. Briant
BRICOUX, Mr Roger Marie ;20 ;2nd Class Passenger
Musician ;
R. Bricoux
BRISTOW, Mr Harry ;38 ;Victualling Crew ;
H. Bristow
BRISTOW, Mr Robert Charles ;38 ;Victualling Crew ;
R. Bristow
BRITO, Mr José Joaquim de ;32 ;2nd Class Passenger ;
BROBäCK, Mr Karl Rudolf ;22 ;3rd Class Passenger ;
BROCKLEBANK, Mr William Alfred ;40 ;3rd Class Passenger ;
BROOKMAN, Mr John Cress ;28 ;Victualling Crew ;
BROOKS, Mr J. ;25 ;Engineering Crew ;
BROOM, Mr Herbert George ;33 ;Victualling Crew ;
BROOME, Mr Athol Frederick ;31 ;Victualling Crew ;
BROWN, Mr Joseph ;30 ;Engineering Crew
Substitute Crew ;
BROWN, Mr John ;28 ;Engineering Crew ;
BROWN, Mr Walter James ;41 ;Victualling Crew ;
BROWN, Mr Thomas William Solomon ;60 ;2nd Class Passenger ;
BRYHL, Mr Kurt Arnold Gottfrid ;25 ;2nd Class Passenger ;
BUCKLEY, Miss Catherine ;22 ;3rd Class Passenger ;
BUCKLEY, Mr H. E. ;34 ;Victualling Crew ;
BULL, Mr Walter Edward ;37 ;Victualling Crew ;
BULLEY, Mr Henry Ashburnham ;22 ;Victualling Crew ;
BūLUS, Mrs Sultānah ;40 ;3rd Class Passenger ;
BūLUS, Master Akar ;7 ;3rd Class Passenger ;
BūLUS, Miss Nūr al-'ayn ;10 ;3rd Class Passenger ;
BUNNELL, Mr Wilfred James ;21 ;Victualling Crew ;
W. Bunnell
BURKE, Mr Jeremiah ;19 ;3rd Class Passenger ;
BURKE, Mr Richard Edward ;29 ;Victualling Crew ;
BURNS, Miss Mary Delia ;17 ;3rd Class Passenger ;
BURR, Mr Ewart Sydenham ;29 ;Victualling Crew ;
BURROUGHS, Mr Arthur Peckham ;35 ;Engineering Crew ;
BURTON, Mr Edward John ;35 ;Engineering Crew ;
BUTLER, Mr Reginald Fenton ;26 ;2nd Class Passenger ;
BUTRUS-KA'Wī, Mr Tannūs ;21 ;3rd Class Passenger ;
BUTT, Major Archibald Willingham ;46 ;1st Class Passenger ;
A. Butt
BUTT, Mr Robert Henry ;22 ;Victualling Crew ;
R. Butt
BUTT, Mr William John ;31 ;Engineering Crew ;
BUTTERWORTH, Mr John ;23 ;Victualling Crew ;
BYLES, Fr Thomas Roussel Davids ;42 ;2nd Class Passenger ;
T. Byles
BYRNE, Mr James Edward ;45 ;Victualling Crew ;
CACIC, Miss Manda ;21 ;3rd Class Passenger ;
CACIC, Miss Marija ;30 ;3rd Class Passenger ;
CACIC, Mr Luka ;38 ;3rd Class Passenger ;
CACIC, Mr Jego Grga ;18 ;3rd Class Passenger ;
CAIRNS, Mr Alexander Milne ;28 ;1st Class Passenger
Servant ;
CALDERWOOD, Mr Hugh ;30 ;Engineering Crew ;
CALIC, Mr Jovo ;17 ;3rd Class Passenger ;
CALIC, Mr Petar ;17 ;3rd Class Passenger ;
CAMPBELL, Mr Donald Samuel ;28 ;Victualling Crew ;
CAMPBELL, Mr William ;21 ;2nd Class Passenger
H&W Guarantee Group ;
CANAVAN, Mr Patrick ;21 ;3rd Class Passenger ;
CANAVAN, Miss Mary ;22 ;3rd Class Passenger ;
CANN, Mr Ernest ;29 ;3rd Class Passenger ;
CANNER, Mr John ;40 ;Engineering Crew ;
CARAM, Mrs Maria Elias ;18 ;3rd Class Passenger ;
CARAM, Mr Joseph ;28 ;3rd Class Passenger ;
CARBINES, Mr William ;19 ;2nd Class Passenger ;
W. Carbines
CARLSSON, Mr August Sigfrid ;28 ;3rd Class Passenger ;
CARLSSON, Mr Carl Robert ;24 ;3rd Class Passenger ;
CARLSSON, Mr Frans Olof ;33 ;1st Class Passenger ;
CARNEY, Mr William ;31 ;Victualling Crew ;
CARR, Mr Richard Stephen ;27 ;Engineering Crew ;
CARR, Miss Jane ;45 ;3rd Class Passenger ;
CARRAU, Mr Francisco Mauro Severiano ;27 ;1st Class Passenger ;
CARRAú-ESTEVES, Mr José Pedro ;17 ;1st Class Passenger ;
CARTER, Fr Ernest Courtenay ;54 ;2nd Class Passenger ;
CARTER, Mr James ;46 ;Engineering Crew ;
CARTER, Mrs Lilian ;45 ;2nd Class Passenger ;
CARTWRIGHT, Mr James Edward ;33 ;Victualling Crew ;
CARVER, Mr Alfred John ;28 ;3rd Class Passenger ;
CASALI, Sig. Giulio ;32 ;Restaurant Staff ;
CASE, Mr Howard Brown ;49 ;1st Class Passenger ;
H. Case
CASEY, Mr Thomas ;44 ;Engineering Crew ;
CASSWILL, Mr Charles ;34 ;Victualling Crew ;
C. Casswill
CASTLEMAN, Mr Edward ;37 ;Engineering Crew ;
CAUNT, Mr William Ewart ;28 ;Victualling Crew ;
CAVE, Mr Herbert ;39 ;Victualling Crew ;
CAVENDISH, Mr Tyrell William ;36 ;1st Class Passenger ;
T. Cavendish
CECIL, Mr Charles Thomas ;21 ;Victualling Crew ;
CELOTTI, Mr Francesco ;24 ;3rd Class Passenger ;
CHABOISSON, Mr Adrien Firmin ;25 ;Restaurant Staff ;
A. Chaboisson
CHAFFEE, Mr Herbert Fuller ;46 ;1st Class Passenger ;
H. Chaffee
CHAPMAN, Mrs Sarah Elizabeth ;30 ;2nd Class Passenger ;
CHAPMAN, Mr John Henry ;37 ;2nd Class Passenger ;
CHAPMAN, Mr Charles Henry ;52 ;2nd Class Passenger ;
C. Chapman
CHARMAN, Mr John James ;25 ;Victualling Crew ;
J. Charman
CHARTERS, Mr David ;20 ;3rd Class Passenger ;
D. Charters
CHERRETT, Mr William Victor ;24 ;Engineering Crew ;
W. Cherrett
CHEVERTON, Mr William Frederick ;27 ;Victualling Crew ;
W. Cheverton
CHISHOLM, Mr Roderick Robert Crispin ;43 ;1st Class Passenger
H&W Guarantee Group ;
R. Chisholm
CHISNALL, Mr George Alexander ;37 ;Engineering Crew ;
G. Chisnall
CHITTY, Mr George Henry ;50 ;Victualling Crew ;
CHITTY, Mr Archibald George ;29 ;Victualling Crew ;
CHORLEY, Mr John Henry ;25 ;Engineering Crew ;
J. Chorley
CHRISTMANN, Mr Emil ;29 ;3rd Class Passenger ;
CHRISTMAS, Mr Herbert Harry ;34 ;Victualling Crew ;
CHRONOPOULOS, Mr Dimitrios M. ;21 ;3rd Class Passenger ;
CHRONOPOULOS, Mr Apostolos M. ;26 ;3rd Class Passenger ;
CLARK, Mr Walter Miller ;27 ;1st Class Passenger ;
CLARKE, Mr John Frederick Preston ;28 ;2nd Class Passenger
Musician ;
J. Clarke
CLARKE, Mr Charles Valentine ;29 ;2nd Class Passenger ;
C. Clarke
CLENCH, Mr George James ;31 ;Deck Crew ;
CLIFFORD, Mr George Quincy ;40 ;1st Class Passenger ;
G. Clifford
COE, Mr Harry ;21 ;Engineering Crew ;
COELHO, Mr Domingos Fernandeo ;20 ;3rd Class Passenger ;
COLBERT, Mr Patrick ;24 ;3rd Class Passenger ;
COLEFF, Mr Satio ;24 ;3rd Class Passenger ;
COLEMAN, Mr Albert Edward ;28 ;Victualling Crew ;
COLEMAN, Mr John ;57 ;Engineering Crew ;
COLERIDGE, Mr Reginald Charles ;29 ;2nd Class Passenger ;
COLLANDER, Mr Erik Gustaf ;27 ;2nd Class Passenger ;
COLLEY, Mr Edward Pomeroy ;37 ;1st Class Passenger ;
COLLYER, Mr Harvey ;31 ;2nd Class Passenger ;
H. Collyer
COLTCHEFF, Mr Peju ;36 ;3rd Class Passenger ;
COMPTON, Mr Alexander Taylor jr ;37 ;1st Class Passenger ;
CONLIN, Mr Thomas Henry ;31 ;3rd Class Passenger ;
CONNAUGHTON, Mr Michael ;40 ;3rd Class Passenger ;
CONNOLLY, Miss Kate ;41 ;3rd Class Passenger ;
CONNORS, Mr Patrick ;66 ;3rd Class Passenger ;
CONWAY, Mr Percy Walter ;25 ;Victualling Crew ;
COOK, Mr Jacob ;43 ;3rd Class Passenger ;
COOK, Mr Gilbert William ;32 ;Victualling Crew ;
COOMBS, Mr Charles Augustus ;45 ;Victualling Crew ;
COOPER, Mr Harry ;26 ;Engineering Crew ;
COOPER, Mr James Edward ;26 ;Engineering Crew ;
COPPERTHWAITE, Mr Albert Harry ;28 ;Engineering Crew ;
A. Copperthwaite
COR, Mr Ivan ;27 ;3rd Class Passenger ;
COR, Mr Bartol ;35 ;3rd Class Passenger ;
COR, Mr Liudevit ;19 ;3rd Class Passenger ;
CORBEN, Mr Ernest Theodore ;27 ;Victualling Crew ;
CORBETT, Mrs Irene ;30 ;2nd Class Passenger ;
I. Corbett
CORCORAN, Mr Dennis ;33 ;Engineering Crew ;
COREY, Mrs Mary Emma ;32 ;2nd Class Passenger ;
CORNAIRE, Mr Marcel Raymond André ;19 ;Restaurant Staff ;
CORNBLATT, Mr Harris ;30 ;3rd Class Passenger ;
COTTERILL, Mr Henry ;21 ;2nd Class Passenger ;
COTTON, Mr Alfred ;36 ;Engineering Crew
Substitute Crew ;
COUCH, Mr Joseph Henry ;49 ;Engineering Crew ;
COUCH, Mr Frank ;27 ;Deck Crew ;
COUTIN, Mr Auguste Louis ;28 ;Restaurant Staff ;
COX, Mr William Denton ;30 ;Victualling Crew ;
COXON, Mr Daniel ;58 ;3rd Class Passenger ;
COY, Mr Francis Ernest George ;27 ;Engineering Crew ;
F. Coy
CRABB, Mr Henry James ;23 ;Engineering Crew ;
CRAFTON, Mr John Bertram ;59 ;1st Class Passenger ;
J. Crafton
CREASE, Mr Ernest James ;20 ;3rd Class Passenger ;
E. Crease
CREESE, Mr Henry Philip ;45 ;Engineering Crew ;
H. Creese
CRIBB, Mr John Hatfield ;43 ;3rd Class Passenger ;
CRISP, Mr Albert Hector ;39 ;Victualling Crew ;
CRISPIN, Mr William ;33 ;Victualling Crew ;
CROSBIE, Mr John Borthwick ;45 ;Victualling Crew ;
CROSBY, Captain Edward Gifford ;70 ;1st Class Passenger ;
E. Crosby
CROSS, Mr William Alfred ;44 ;Engineering Crew ;
CROVELLA, Sig. Paolo Luigi ;16 ;Restaurant Staff ;
P. Crovella
CRUMPLIN, Mr Charles George Chandler ;35 ;Victualling Crew ;
CULUMOVIC, Mr Jeso ;17 ;3rd Class Passenger ;
CUMINGS, Mr John Bradley ;39 ;1st Class Passenger ;
J. Cumings
CUNNINGHAM, Mr Alfred Fleming ;22 ;2nd Class Passenger
H&W Guarantee Group ;
CUNNINGHAM, Mr Bernard ;35 ;Engineering Crew ;
B. Cunningham
CURTIS, Mr Arthur ;26 ;Engineering Crew ;
DāHIR, Mr Ṭannūs ;28 ;3rd Class Passenger ;
DAHLBERG, Miss Gerda Ulrika ;22 ;3rd Class Passenger ;
DAKIC, Mr Branko ;19 ;3rd Class Passenger ;
DANBOM, Master Gilbert Sigvard Emanuel ;4 m ;3rd Class Passenger ;
DANBOM, Mrs Anna Sigrid Maria ;28 ;3rd Class Passenger ;
DANBOM, Mr Ernst Gilbert ;34 ;3rd Class Passenger ;
DANOFF, Mr Yoto ;27 ;3rd Class Passenger ;
DASHWOOD, Mr William George ;18 ;Victualling Crew ;
DAVIDSON, Mr Thornton ;31 ;1st Class Passenger ;
T. Davidson
DAVIES, Mr Thomas ;33 ;Engineering Crew ;
DAVIES, Mr Joseph ;17 ;3rd Class Passenger ;
DAVIES, Mr John ;22 ;3rd Class Passenger ;
DAVIES, Mr Robert J. ;26 ;Victualling Crew ;
DAVIES, Mr Alfred James ;24 ;3rd Class Passenger ;
DAVIES, Mr Evan Lewis ;22 ;3rd Class Passenger ;
DAVIES, Mr Gordon Raleigh ;32 ;Victualling Crew ;
DAVIES, Mr Charles Henry ;19 ;2nd Class Passenger ;
DAVIS, Mr Stephen James ;39 ;Deck Crew ;
DAVIS, Mr John ;27 ;Victualling Crew ;
DAVISON, Mr Thomas Henry ;32 ;3rd Class Passenger ;
DAWSON, Mr Joseph ;23 ;Engineering Crew ;
J. Dawson
DE MARSICO, Sig. Govanni ;20 ;Restaurant Staff ;
DE PELSMAEKER, Mr Alfons ;16 ;3rd Class Passenger ;
DEACON, Mr Percy William ;18 ;2nd Class Passenger ;
DEAN, Mr George Fox Hopkins ;19 ;Victualling Crew ;
DEAN, Mr Bertram Frank ;25 ;3rd Class Passenger ;
DEBREUCQ, Mr Maurice Emile Victor ;18 ;Restaurant Staff ;
M. Debreucq
DEEBLE, Mr Alfred Arnold ;34 ;Victualling Crew ;
DEL CARLO, Mr Sebastiano ;29 ;2nd Class Passenger ;
DELALIC, Mr Redjo ;25 ;3rd Class Passenger ;
DENBUOY, Mr Albert Joseph ;25 ;2nd Class Passenger ;
DENKOFF, Mr Mitto ;30 ;3rd Class Passenger ;
DENNIS, Mr William ;26 ;3rd Class Passenger ;
DENNIS, Mr Samuel ;22 ;3rd Class Passenger ;
DERRETT, Mr Arthur Henry ;29 ;Victualling Crew ;
DESLANDES, Mr Percival Stainer ;38 ;Victualling Crew ;
DESVERNINE, Mr Louis Gabriel ;20 ;Restaurant Staff ;
DIBDEN, Mr William ;18 ;2nd Class Passenger ;
DīBū, Mr Ilyās ;29 ;3rd Class Passenger ;
DICKSON, Mr William ;37 ;Engineering Crew
Substitute Crew ;
DIKA, Mr Mirko ;17 ;3rd Class Passenger ;
DIMIC, Mr Jovan ;42 ;3rd Class Passenger ;
DINENAGE, Mr James Richard ;49 ;Victualling Crew ;
DINTCHEFF, Mr Valtcho ;43 ;3rd Class Passenger ;
DODD, Mr George Charles ;44 ;Victualling Crew ;
G. Dodd
DODD, Mr Edward Charles ;39 ;Engineering Crew ;
E. Dodd
DODDS, Mr Henry Watson ;27 ;Engineering Crew
Substitute Crew ;
DOHERTY, Mr William John ;22 ;3rd Class Passenger ;
DOLBY, Mr Joseph ;39 ;Victualling Crew ;
DONATI, Sig. Italo Francesco ;17 ;Restaurant Staff ;
DONOGHUE, Mr Florence Thoms ;31 ;Victualling Crew ;
DONOHOE, Miss Bridget ;21 ;3rd Class Passenger ;
DOOLY, Mr Patrick ;37 ;3rd Class Passenger ;
DORNIER, Mr Louis Auguste ;20 ;Restaurant Staff ;
DOUGHTY, Mr Walter Thomas ;22 ;Victualling Crew ;
DOUGLAS, Mr Walter Donald ;50 ;1st Class Passenger ;
W. Douglas
DOUTON, Mr William Joseph ;55 ;2nd Class Passenger ;
DOYLE, Miss Elizabeth ;28 ;3rd Class Passenger ;
DOYLE, Mr Laurence ;27 ;Engineering Crew ;
DRAZENOVIC, Mr Jozef ;33 ;3rd Class Passenger ;
DREW, Mr James Vivian ;42 ;2nd Class Passenger ;
J. Drew
DUFFY, Mr William Luke ;36 ;Engineering Crew ;
W. Duffy
DULLES, Mr William Crothers ;39 ;1st Class Passenger ;
DUNFORD, Mr William ;48 ;Victualling Crew ;
DURNIL, Mr James ;38 ;Engineering Crew ;
DWAN, Mr Frank ;66 ;3rd Class Passenger ;
F. Dwan
DYER, Mr Henry Ryland ;24 ;Engineering Crew ;
H. Dyer
DYER, Mr William Henry ;33 ;Victualling Crew ;
DYKER, Mr Adolf Fredrik ;23 ;3rd Class Passenger ;
A. Dyker
EAGLE, Mr Alfred James ;22 ;Engineering Crew ;
EASTMAN, Mr Charles ;44 ;Engineering Crew ;
EDBROOKE, Mr Francis Samuel Jacob ;23 ;Victualling Crew ;
EDE, Mr George Bulkeley ;23 ;Victualling Crew ;
G. Ede
EDGE, Mr Frederick William ;39 ;Victualling Crew ;
EDVARDSSON, Mr Gustaf Hjalmar ;18 ;3rd Class Passenger ;
G. Edvardsson
EDWARDS, Mr Charles Essex ;39 ;Victualling Crew ;
EGG, Mr William Henry ;48 ;Victualling Crew ;
EITEMILLER, Mr George Floyd ;25 ;2nd Class Passenger ;
EKLUND, Mr Hans Linus ;16 ;3rd Class Passenger ;
H. Eklund
EKSTRöM, Mr Amandus ;45 ;3rd Class Passenger ;
ELIAS, Mr Joseph jr. ;15 ;3rd Class Passenger ;
ELIAS NASRALLAH, Mr Tannous ;22 ;3rd Class Passenger ;
ELLIOTT, Mr Everett Edward ;23 ;Engineering Crew ;
ELSBURY, Mr William James ;48 ;3rd Class Passenger ;
W. Elsbury
ENANDER, Mr Ingvar ;21 ;2nd Class Passenger ;
ENNIS, Mr Walter ;34 ;Victualling Crew ;
W. Ennis
ERVINE, Mr Albert George ;18 ;Engineering Crew ;
A. Ervine
ESTANISLAU, Mr Manuel Gonçalves ;37 ;3rd Class Passenger ;
EVANS, Mr George Richard ;27 ;Victualling Crew ;
EVANS, Mr William Thomas ;33 ;Engineering Crew ;
EVANS, Miss Edith Corse ;36 ;1st Class Passenger ;
EVERETT, Mr Thomas James ;38 ;3rd Class Passenger ;
FAHLSTRøM, Mr Arne Joma ;18 ;2nd Class Passenger ;
FAIRALL, Mr Henry Charles ;38 ;Victualling Crew ;
FARDON, Mr Charles Richard ;46 ;3rd Class Passenger ;
FARENDEN, Mr Ernest John ;22 ;Victualling Crew ;
FARQUHARSON, Mr William Edward ;39 ;Engineering Crew ;
W. Farquharson
FARRELL, Mr James ;26 ;3rd Class Passenger ;
FARTHING, Mr John ;49 ;1st Class Passenger
Servant ;
FAUNTHORPE, Mr Harry Bartram ;32 ;2nd Class Passenger ;
FAY, Mr Thomas Joseph ;30 ;Engineering Crew ;
T. Fay
FEI, Sig. Carlo ;19 ;Restaurant Staff ;
FELLOWES, Mr Alfred James ;28 ;Victualling Crew ;
FELTHAM, Mr George William ;41 ;Victualling Crew ;
FERRARY, Mr Antonio ;33 ;Engineering Crew ;
A. Ferrary
FERRIS, Mr William ;39 ;Engineering Crew ;
FILLBROOK, Mr Joseph Charles ;18 ;2nd Class Passenger ;
FINCH, Mr Henry Herman ;19 ;Victualling Crew ;
FIORAVANTE, Sig. Giuseppe Bertoldo ;23 ;Restaurant Staff ;
FISCHER, Mr Eberhard Thelander ;18 ;3rd Class Passenger ;
FITZPATRICK, Mr Hugh Joseph ;29 ;Engineering Crew ;
H. Fitzpatrick
FLEMING, Miss Honor ;22 ;3rd Class Passenger ;
H. Fleming
FLETCHER, Mr Percy William ;25 ;Victualling Crew ;
FLYNN, Mr John ;48 ;3rd Class Passenger ;
FLYNN, Mr James ;28 ;3rd Class Passenger ;
FOLEY, Mr William ;20 ;3rd Class Passenger ;
FOLEY, Mr Joseph ;19 ;3rd Class Passenger ;
FORD, Mrs Margaret Ann Watson ;54 ;3rd Class Passenger ;
FORD, Mr Arthur ;23 ;3rd Class Passenger ;
FORD, Mr Thomas ;33 ;Engineering Crew ;
T. Ford
FORD, Miss Robina Maggie ;7 ;3rd Class Passenger ;
FORD, Mr H. ;22 ;Engineering Crew ;
FORD, Mr William Neal Thomas ;14 ;3rd Class Passenger ;
FORD, Mr Francis ;44 ;Victualling Crew ;
FORD, Mr Edward Watson ;18 ;3rd Class Passenger ;
FORD, Mr Ernest ;33 ;Victualling Crew ;
FORD, Miss Dollina Margaret ;20 ;3rd Class Passenger ;
FOREMAN, Mr Benjamin Laventall ;30 ;1st Class Passenger ;
FORTUNE, Mr Charles Alexander ;19 ;1st Class Passenger ;
C. Fortune
FORTUNE, Mr Mark ;64 ;1st Class Passenger ;
M. Fortune
FOSTER, Mr Alfred Charles ;37 ;Engineering Crew ;
FOX, Mr Stanley Harrington ;38 ;2nd Class Passenger ;
FOX, Mr Patrick ;28 ;3rd Class Passenger ;
FOX, Mr William Thomas ;27 ;Victualling Crew ;
W. Fox
FRANKLIN, Mr Thomas Parnham ;37 ;1st Class Passenger ;
FRANKLIN, Mr Alan Vincent ;28 ;Victualling Crew ;
FRASER, Mr James ;30 ;Engineering Crew ;
J. Fraser
FRASER, Mr J. ;30 ;Engineering Crew ;
FREEMAN, Mr Ernest Edward Samuel ;45 ;Victualling Crew ;
E. Freeman
FROST, Mr Anthony Wood ;39 ;2nd Class Passenger
H&W Guarantee Group ;
A. Frost
FRY, Mr Richard ;39 ;1st Class Passenger
Servant ;
FUNK, Miss Annie Clemmer ;38 ;2nd Class Passenger ;
A. Funk
FUTRELLE, Mr Jacques Heath ;37 ;1st Class Passenger ;
J. Futrelle
FYNNEY, Mr Joseph J. ;36 ;2nd Class Passenger ;
J. Fynney
GALE, Mr Shadrach ;33 ;2nd Class Passenger ;
GALE, Mr Harry ;38 ;2nd Class Passenger ;
GALLAGHER, Mr Martin ;29 ;3rd Class Passenger ;
GARFIRTH, Mr John ;23 ;3rd Class Passenger ;
J. Garfirth
GASKELL, Mr William Alfred ;19 ;2nd Class Passenger ;
GATTI, Sig. Gaspare Antonio Pietro ;37 ;Restaurant Staff ;
G. Gatti
GAVEY, Mr Laurence ;26 ;2nd Class Passenger ;
GEDDES, Mr Richard Charles ;32 ;Victualling Crew ;
GEE, Mr Arthur H. ;47 ;1st Class Passenger ;
A. Gee
GEER, Mr Alfred Emest ;26 ;Engineering Crew
Substitute Crew ;
GHEORGHEFF, Mr Stanio ;;3rd Class Passenger ;
GIGLIO, Mr Victor Gaitan Andrea ;23 ;1st Class Passenger
Servant ;
V. Giglio
GILARDINO, Sig. Vincenzo Pio ;31 ;Restaurant Staff ;
V. Gilardino
GILBERT, Mr William ;46 ;2nd Class Passenger ;
W. Gilbert
GILES, Mr Edgar ;19 ;2nd Class Passenger ;
GILES, Mr John Robert ;32 ;Victualling Crew ;
GILES, Mr Ralph ;24 ;2nd Class Passenger ;
R. Giles
GILES, Mr Frederick Edward ;21 ;2nd Class Passenger ;
GILINSKI, Mr Eliezer ;23 ;3rd Class Passenger ;
E. Gilinski
GILL, Mr Patrick ;38 ;Victualling Crew ;
GILL, Mr Joseph Stanley ;38 ;Victualling Crew ;
GILL, Mr John ;24 ;2nd Class Passenger ;
GILLESPIE, Mr William Henry ;31 ;2nd Class Passenger ;
GIVARD, Mr Hans Kristensen ;30 ;2nd Class Passenger ;
H. Givard
GODWIN, Mr Frederick Charles ;36 ;Engineering Crew ;
GOLDER, Mr Martin William ;35 ;Engineering Crew ;
GOLDSCHMIDT, Mr George B. ;71 ;1st Class Passenger ;
GOLDSMITH, Mr Nathan ;41 ;3rd Class Passenger ;
GOLDSMITH, Mr Frank John ;33 ;3rd Class Passenger ;
GOLLOP, Mr Percival Salisbury ;30 ;Victualling Crew ;
GOODWIN, Master Harold Victor ;9 ;3rd Class Passenger ;
H. Goodwin
GOODWIN, Miss Jessie Allis Mary ;12 ;3rd Class Passenger ;
J. Goodwin
GOODWIN, Master William Frederick ;13 ;3rd Class Passenger ;
W. Goodwin
GOODWIN, Mr Charles Edward ;14 ;3rd Class Passenger ;
C. Goodwin
GOODWIN, Miss Lillian Augusta ;16 ;3rd Class Passenger ;
L. Goodwin
GOODWIN, Mrs Augusta ;43 ;3rd Class Passenger ;
A. Goodwin
GOODWIN, Master Sidney Leslie ;1 ;3rd Class Passenger ;
S. Goodwin
GOODWIN, Mr Frederick Joseph ;42 ;3rd Class Passenger ;
F. Goodwin
GORDON, Mr J. ;29 ;Engineering Crew
Substitute Crew ;
GOREE, Mr Frank ;41 ;Engineering Crew ;
GOSHAWK, Mr Alfred James ;40 ;Victualling Crew ;
GOSLING, Mr Bertram James ;22 ;Engineering Crew ;
GOSLING, Mr Frank Henry ;25 ;Engineering Crew ;
GRADIDGE, Mr Ernest Edward ;22 ;Engineering Crew ;
GRAHAM, Mr George Edward ;38 ;1st Class Passenger ;
G. Graham
GREEN, Mr George ;20 ;Engineering Crew ;
GREEN, Mr George ;41 ;3rd Class Passenger ;
G. Green
GREENBERG, Mr Samuel ;51 ;2nd Class Passenger ;
GREGORY, Mr David ;43 ;Engineering Crew ;
GROSCLAUDE, Mr Gérald ;24 ;Restaurant Staff ;
GRøNNESTAD, Mr Daniel Danielsen ;32 ;3rd Class Passenger ;
GUEST, Mr Charles Robert ;25 ;3rd Class Passenger ;
GUGGENHEIM, Mr Benjamin ;46 ;1st Class Passenger ;
B. Guggenheim
GUMERY, Mr George ;24 ;Engineering Crew ;
GUNN, Mr Joseph Alfred ;30 ;Victualling Crew ;
GUSTAFSSON, Mr Alfred Ossian ;19 ;3rd Class Passenger ;
GUSTAFSSON, Mr Karl Gideon ;19 ;3rd Class Passenger ;
GUSTAFSSON, Mr Johan Birger ;28 ;3rd Class Passenger ;
GUSTAFSSON, Mr Anders Vilhelm ;37 ;3rd Class Passenger ;
GWINN, Mr William Logan ;37 ;Victualling Crew
Postal Clerk ;
W. Gwinn
HAAS, Miss Aloisia ;24 ;3rd Class Passenger ;
HAGLAND, Mr Konrad Mathias Reiersen ;19 ;3rd Class Passenger ;
HAGLAND, Mr Ingvald Olai Olsen ;28 ;3rd Class Passenger ;
HAKKARAINEN, Mr Pekka Pietari ;28 ;3rd Class Passenger ;
HALE, Mr Reginald ;31 ;2nd Class Passenger ;
HALL, Mr J. ;32 ;Engineering Crew ;
HALL, Mr Frank Alfred James ;40 ;Victualling Crew ;
HALLETT, Mr George Alexander ;23 ;Engineering Crew ;
HAMBLYN, Mr Ernest William ;47 ;Victualling Crew ;
E. Hamblyn
HAMILTON, Mr Ernest ;25 ;Victualling Crew ;
HAMPE, Mr Léon Jérome ;19 ;3rd Class Passenger ;
HANDS, Mr Bernard ;54 ;Engineering Crew ;
HANNA, Mr Boulos ;18 ;3rd Class Passenger ;
ḤANNā AL-HāJ, Mr Mansūr ;35 ;3rd Class Passenger ;
HANNAM, Mr George ;30 ;Engineering Crew ;
HANSEN, Mr Henrik Juul ;26 ;3rd Class Passenger ;
HANSEN, Mr Henry Damsgaard ;20 ;3rd Class Passenger ;
HANSEN, Mr Claus Peter ;41 ;3rd Class Passenger ;
HARBECK, Mr William H. ;45 ;2nd Class Passenger ;
W. Harbeck
HARDING, Mr Alfred John ;21 ;Victualling Crew ;
HARGADON, Miss Catherine ;17 ;3rd Class Passenger ;
HARKNETT, Miss Alice Phoebe ;21 ;3rd Class Passenger ;
HARPER, Rev. John ;39 ;2nd Class Passenger ;
J. Harper
HARRINGTON, Mr Charles Henry ;37 ;1st Class Passenger
Servant ;
HARRIS, Mr Edward John ;29 ;Engineering Crew ;
HARRIS, Mr Edward Matthew ;17 ;Victualling Crew ;
HARRIS, Mr Amos ;24 ;Engineering Crew ;
HARRIS, Mr Walter ;45 ;2nd Class Passenger ;
HARRIS, Mr Clifford Henry ;17 ;Victualling Crew ;
C. Harris
HARRIS, Mr Charles William ;19 ;Victualling Crew ;
C. Harris
HARRIS, Mr Henry Birkhardt ;45 ;1st Class Passenger ;
H. Harris
HARRISON, Mr Norman E. ;38 ;Engineering Crew ;
N. Harrison
HARRISON, Mr William Henry ;46 ;1st Class Passenger
Servant ;
HART, Mr James ;54 ;Engineering Crew ;
J. Hart
HART, Mr Benjamin ;47 ;2nd Class Passenger ;
HART, Mr Henry ;29 ;3rd Class Passenger ;
HARTLEY, Mr Wallace Henry ;33 ;2nd Class Passenger
Musician ;
W. Hartley
HARVEY, Mr Herbert Gifford ;34 ;Engineering Crew ;
H. Harvey
HATCH, Mr Hugh ;21 ;Victualling Crew ;
HAWKESWORTH, Mr James ;52 ;Victualling Crew ;
HAWKESWORTH, Mr William Walter ;43 ;Victualling Crew ;
HAYS, Mr Charles Melville ;55 ;1st Class Passenger ;
C. Hays
HAYTER, Mr Arthur ;44 ;Victualling Crew ;
A. Hayter
HEAD, Mr Christopher ;42 ;1st Class Passenger ;
C. Head
HEAD, Mr Alfred ;24 ;Engineering Crew ;
HEGARTY, Miss Hanora ;20 ;3rd Class Passenger ;
HEINEN, Mr Joseph Dominichus ;30 ;Victualling Crew ;
HEININEN, Miss Wendla Maria ;23 ;3rd Class Passenger ;
HENDEKOVIć, Mr Ignjac ;30 ;3rd Class Passenger ;
HENDY, Mr Edward Martin ;40 ;Victualling Crew ;
E. Hendy
HENRIKSSON, Miss Jenny Lovisa ;28 ;3rd Class Passenger ;
HENRY, Miss Bridget Delia ;21 ;3rd Class Passenger ;
HENSFORD, Mr Herbert George Ernest ;26 ;Victualling Crew ;
HERMAN, Mr Samuel ;50 ;2nd Class Passenger ;
HESKETH, Mr John Henry ;33 ;Engineering Crew ;
J. Hesketh
HESLIN, Mr James ;45 ;Engineering Crew ;
HEWITT, Mr Thomas ;37 ;Victualling Crew ;
HICKMAN, Mr Stanley George ;21 ;2nd Class Passenger ;
S. Hickman
HICKMAN, Mr Lewis ;30 ;2nd Class Passenger ;
L. Hickman
HICKMAN, Mr Leonard Mark ;24 ;2nd Class Passenger ;
L. Hickman
HILL, Mr James ;25 ;Engineering Crew ;
HILL, Mr James Colston ;43 ;Victualling Crew ;
HILL, Mr Henry Parkinson ;37 ;Victualling Crew ;
HILLIARD, Mr Herbert Henry ;44 ;1st Class Passenger ;
HILTUNEN, Miss Marta ;18 ;2nd Class Passenger ;
HINCKLEY, Mr George Herbert ;40 ;Victualling Crew ;
HINE, Mr William Edward ;36 ;Victualling Crew ;
HINTON, Mr Stephen William ;30 ;Engineering Crew ;
HIPKINS, Mr William Edward ;55 ;1st Class Passenger ;
HISCOCK, Mr Sydney George ;25 ;Victualling Crew ;
HOARE, Mr Leonard James ;19 ;Victualling Crew ;
HOCKING, Mr Samuel James Metcalfe ;36 ;2nd Class Passenger ;
HOCKING, Mr Richard George ;24 ;2nd Class Passenger ;
HODGE, Mr Charley ;29 ;Engineering Crew ;
C. Hodge
HODGES, Mr W. ;26 ;Engineering Crew ;
HODGES, Mr Henry Price ;50 ;2nd Class Passenger ;
H. Hodges
HODGKINSON, Mr Leonard ;46 ;Engineering Crew ;
L. Hodgkinson
HOGG, Mr Charles William ;43 ;Victualling Crew ;
HOGUE, Mr E. ;22 ;Victualling Crew ;
HOLD, Mr Stephen ;44 ;2nd Class Passenger ;
HOLLAND, Mr Thomas ;28 ;Victualling Crew ;
HOLLOWAY, Mr Sidney ;24 ;Victualling Crew ;
HOLM, Mr John Fredrik Alexander ;43 ;3rd Class Passenger ;
HOLMAN, Mr Harry ;29 ;Deck Crew ;
H. Holman
HOLTHEN, Mr Johan Martin ;18 ;3rd Class Passenger ;
HOLVERSON, Mr Alexander Oskar ;42 ;1st Class Passenger ;
A. Holverson
HOOD, Mr Ambrose Jr ;21 ;2nd Class Passenger ;
HOPGOOD, Mr Roland John C. ;29 ;Engineering Crew ;
HOPKINS, Mr Frederick William ;15 ;Victualling Crew ;
HORGAN, Mr John ;22 ;3rd Class Passenger ;
HOSGOOD, Mr Richard William ;23 ;Engineering Crew
Substitute Crew ;
HOSKING, Mr George Fox ;36 ;Engineering Crew ;
G. Hosking
HOUSE, Mr William John ;38 ;Victualling Crew ;
HOWARD, Mrs Ellen Truelove ;61 ;2nd Class Passenger ;
E. Howard
HOWARD, Mr Benjamin ;63 ;2nd Class Passenger ;
B. Howard
HOWELL, Mr Arthur Albert ;31 ;Victualling Crew ;
HOYT, Mr William Fisher ;43 ;1st Class Passenger ;
W. Hoyt
HUGHES, Mr William Thomas ;34 ;Victualling Crew ;
W. Hughes
HUMBLEN, Mr Adolf Mathias Nicolai Olsen ;42 ;3rd Class Passenger ;
HUMBY, Mr Frederick ;17 ;Victualling Crew ;
HUME, Mr John Law ;21 ;2nd Class Passenger
Musician ;
J. Hume
HUMPHREYS, Mr Humphrey ;32 ;Victualling Crew ;
HUNT, Mr Tom ;27 ;Engineering Crew ;
T. Hunt
HUNT, Mr George Henry ;34 ;2nd Class Passenger ;
G. Hunt
HURST, Mr Charles John ;40 ;Engineering Crew ;
C. Hurst
HUTCHINSON, Mr John Hall ;28 ;Deck Crew ;
HUTCHINSON, Mr James ;31 ;Victualling Crew ;
IBRāHīM, Mr Husayn Mahmūd Husayn ;11 ;3rd Class Passenger ;
IBRāHīM-SHAWAH, Mr Yūsuf Hānī ;33 ;3rd Class Passenger ;
IDE, Mr Harry John ;31 ;Victualling Crew ;
ILIEFF, Mr Ylio ;32 ;3rd Class Passenger ;
ILMAKANGAS, Miss Pieta Sofia ;25 ;3rd Class Passenger ;
ILMAKANGAS, Miss Ida Livija ;17 ;3rd Class Passenger ;
INGRAM, Mr George ;19 ;Engineering Crew ;
INGROUILLE, Mr Henry ;21 ;Victualling Crew ;
INGS, Mr William Ernest ;20 ;Victualling Crew ;
INSTANCE, Mr Thomas ;31 ;Engineering Crew ;
ISHAM, Miss Ann Elizabeth ;50 ;1st Class Passenger ;
A. Isham
IVANOFF, Mr Kanio ;20 ;3rd Class Passenger ;
JABBUR (ZABOUR), Miss Hileni ;16 ;3rd Class Passenger ;
JABBUR (ZABOUR), Miss Thamine ;19 ;3rd Class Passenger ;
JACKOPSON, Mr John Henry ;30 ;Engineering Crew ;
JACKSON, Mr Cecil ;22 ;Victualling Crew ;
C. Jackson
JACOBSOHN, Mr Sidney Samuel ;42 ;2nd Class Passenger ;
JAGO, Mr Joseph ;59 ;Engineering Crew ;
JAILLET, Mr Henri Marie ;38 ;Restaurant Staff ;
JAMES, Mr Thomas ;27 ;Engineering Crew ;
JANAWAY, Mr William Frank ;35 ;Victualling Crew ;
W. Janaway
JANIN, Mr Claude Marie ;29 ;Restaurant Staff ;
JARDIM, Mr José Neto ;21 ;3rd Class Passenger ;
JARVIS, Mr Denzil John ;46 ;2nd Class Passenger ;
D. Jarvis
JEFFERY, Mr William Alfred ;28 ;Restaurant Staff ;
JEFFERYS, Mr Ernest Wilfred ;21 ;2nd Class Passenger ;
JEFFERYS, Mr Clifford Thomas ;24 ;2nd Class Passenger ;
JENKIN, Mr Stephen Curnow ;32 ;2nd Class Passenger ;
JENNER, Mr Thomas Henry (Harry) ;55 ;Victualling Crew ;
JENSEN, Mr Charles Valdemar ;25 ;Victualling Crew ;
JENSEN, Mr Niels Rasmus ;48 ;3rd Class Passenger ;
N. Jensen
JENSEN, Mr Svend Lauritz ;17 ;3rd Class Passenger ;
S. Jensen
JENSEN, Mr Hans Peder ;20 ;3rd Class Passenger ;
H. Jensen
JOAS, Mr N. ;39 ;Engineering Crew ;
JOHANSON, Mr Jakob Alfred ;34 ;3rd Class Passenger ;
JOHANSSON, Mr Erik ;22 ;3rd Class Passenger ;
JOHANSSON, Mr Nils ;30 ;3rd Class Passenger ;
N. Johansson
JOHANSSON, Mr Karl Johan ;31 ;3rd Class Passenger ;
JOHANSSON, Mr Gustaf Joel ;33 ;3rd Class Passenger ;
G. Johansson
JOHNSON, Mr Malkolm Joackim ;33 ;3rd Class Passenger ;
JOHNSON, Mr William Cahoone Jr. ;19 ;3rd Class Passenger ;
JOHNSON, Mr August ;49 ;3rd Class Passenger ;
JOHNSTON, Mr Andrew Emslie ;35 ;3rd Class Passenger ;
JOHNSTON, Miss Catherine Nellie ;7 ;3rd Class Passenger ;
JOHNSTON, Master William Andrew ;8 ;3rd Class Passenger ;
JOHNSTON, Mrs Eliza ;36 ;3rd Class Passenger ;
JONES, Mr Charles Cresson ;46 ;1st Class Passenger ;
JONES, Mr Victor Reginald ;21 ;Victualling Crew ;
JONES, Mr Harry Owen Glendower ;36 ;Victualling Crew ;
JONES, Mr Arthur Ernest ;37 ;Victualling Crew ;
JONES, Mr Albert Hugh Brabner ;17 ;Victualling Crew ;
JONKOFF, Mr Lalio ;23 ;3rd Class Passenger ;
JöNSSON, Mr Nils Hilding ;27 ;3rd Class Passenger ;
JOSEPH (SHAHIN), Mr Elias ;39 ;3rd Class Passenger ;
JOUANNAULT, Mr Georges Jules ;24 ;Restaurant Staff ;
JUKES, Mr Henry James ;38 ;Engineering Crew ;
H. Jukes
JULIAN, Mr Henry Forbes ;50 ;1st Class Passenger ;
H. Julian
JUPE, Mr Boykett Herbert ;30 ;Engineering Crew ;
B. Jupe
JUSSILA, Miss Mari Aina ;21 ;3rd Class Passenger ;
JUSSILA, Miss Katriina ;20 ;3rd Class Passenger ;
KALLIO, Mr Nikolai Erland ;17 ;3rd Class Passenger ;
KALVIK, Mr Johannes Halvorsen ;21 ;3rd Class Passenger ;
KANTOR, Mr Sinai ;34 ;2nd Class Passenger ;
KARAJIC, Mr Milan ;30 ;3rd Class Passenger ;
KARLSSON, Mr Nils August ;22 ;3rd Class Passenger ;
KARLSSON, Mr Julius Konrad Eugen ;33 ;3rd Class Passenger ;
KARNES, Mrs Claire ;22 ;2nd Class Passenger ;
KATAVELOS, Mr Vasilios G. ;19 ;3rd Class Passenger ;
KEANE, Mr Andrew ;23 ;3rd Class Passenger ;
KEANE, Mr Daniel ;35 ;2nd Class Passenger ;
KEARL, Mr George Edward ;25 ;Engineering Crew ;
G. Kearl
KEARL, Mr Charles Henry ;44 ;Engineering Crew ;
KEEPING, Mr Edwin Herbert ;33 ;1st Class Passenger
Servant ;
KELLAND, Mr Thomas ;18 ;Victualling Crew ;
KELLY, Mr James ;19 ;3rd Class Passenger ;
KELLY, Mr William ;23 ;Engineering Crew ;
W. Kelly
KELLY, Mr James ;44 ;3rd Class Passenger ;
KELLY, Mr James ;44 ;Engineering Crew ;
KEMP, Mr Thomas Hulman ;43 ;Engineering Crew ;
T. Kemp
KENNELL, Mr Charles ;30 ;Victualling Crew ;
KENT, Mr Edward Austin ;58 ;1st Class Passenger ;
E. Kent
KENYON, Mr Frederick Roland ;41 ;1st Class Passenger ;
KENZLER, Mr August ;44 ;Engineering Crew ;
KERLEY, Mr William Thomas ;28 ;Victualling Crew ;
KERR, Mr Thomas Russell ;26 ;Engineering Crew ;
KETCHLEY, Mr Henry ;36 ;Victualling Crew ;
KHALIL, Mrs Zahie ;20 ;3rd Class Passenger ;
KHALIL, Mr Betros ;25 ;3rd Class Passenger ;
KHALīL 'ATTA ALLāH, Mr Sulaymān ;27 ;3rd Class Passenger ;
KIERAN, Mr Edgar Michael ;34 ;Victualling Crew ;
KIERAN, Mr James William ;35 ;Victualling Crew ;
J. Kieran
KIERNAN, Mr Philip ;22 ;3rd Class Passenger ;
KIERNAN, Mr John Joseph ;25 ;3rd Class Passenger ;
KILGANNON, Mr Thomas ;22 ;3rd Class Passenger ;
KINCHENTEN, Mr Frederick Charles ;36 ;Engineering Crew ;
KING, Mr Thomas Walter ;42 ;Deck Crew ;
KING, Mr Alfred John Moffett ;18 ;Victualling Crew ;
A. King
KING, Mr G. ;20 ;Victualling Crew ;
KING, Mr Ernest Waldron ;28 ;Victualling Crew ;
E. King
KINGSCOTE, Mr William Ford ;48 ;Victualling Crew ;
KINK, Miss Maria ;23 ;3rd Class Passenger ;
KINK, Mr Vincenz ;26 ;3rd Class Passenger ;
KINSELLA, Mr Louis ;30 ;Engineering Crew
Substitute Crew ;
KIRKALDY, Mr Thomas Benjamin ;36 ;Victualling Crew ;
KIRKHAM, Mr James ;43 ;Engineering Crew ;
KIRKLAND, Fr Charles Leonard ;52 ;2nd Class Passenger ;
C. Kirkland
KITCHING, Mr Arthur Alfred ;31 ;Victualling Crew ;
KLABER, Mr Herman ;41 ;1st Class Passenger ;
KLASéN, Mrs Hulda Kristina Eugenia ;36 ;3rd Class Passenger ;
KLASéN, Miss Gertrud Emilia ;1 ;3rd Class Passenger ;
KLASéN, Mr Klas Albin ;18 ;3rd Class Passenger ;
KLEIN, Mr Herbert ;34 ;Victualling Crew ;
KNIGHT, Mr Robert ;41 ;2nd Class Passenger
H&W Guarantee Group ;
KNIGHT, Mr Leonard George ;21 ;Victualling Crew ;
KRAEFF, Mr Theodor ;;3rd Class Passenger ;
KRINS, Mr Georges Alexandre ;23 ;2nd Class Passenger
Musician ;
G. Krins
KUTSCHER (LITHMAN), Mr Simon ;26 ;3rd Class Passenger ;
KVILLNER, Mr Johan Henrik Johannesson ;31 ;2nd Class Passenger ;
J. Kvillner
LACEY, Mr Bertie William ;20 ;Victualling Crew ;
LAHHūD ISHAQ MU'AWWAD, Mr Sarkīs ;35 ;3rd Class Passenger ;
LAHTINEN, Fr William ;35 ;2nd Class Passenger ;
LAHTINEN, Mrs Anna Amelia ;34 ;2nd Class Passenger ;
LAHY, Mr T. ;41 ;Engineering Crew ;
LAITINEN, Miss Kristina Sofia ;37 ;3rd Class Passenger ;
LAKE, Mr William ;46 ;Victualling Crew ;
LAM, Mr Len ;23 ;3rd Class Passenger ;
LAMB, Mr John J. ;31 ;2nd Class Passenger ;
LANE, Mr Patrick ;17 ;3rd Class Passenger ;
LANE, Mr Albert Edward ;34 ;Victualling Crew ;
LAROCHE, Mr Joseph Philippe Lemercier ;25 ;2nd Class Passenger ;
LARSSON, Mr August Viktor ;29 ;3rd Class Passenger ;
LARSSON, Mr Edvard ;22 ;3rd Class Passenger ;
LARSSON, Mr Bengt Edvin ;29 ;3rd Class Passenger ;
LATIMER, Mr Andrew ;55 ;Victualling Crew ;
A. Latimer
LAWRANCE, Mr Arthur ;36 ;Victualling Crew ;
LEADER, Mr Archibald ;22 ;Victualling Crew ;
LEE, Mr H. ;18 ;Engineering Crew ;
LEFEBVRE, Miss Mathilde ;12 ;3rd Class Passenger ;
LEFEBVRE, Miss Jeannie ;8 ;3rd Class Passenger ;
LEFEBVRE, Miss Ida ;3 ;3rd Class Passenger ;
LEFEBVRE, Master Henry ;5 ;3rd Class Passenger ;
LEFEBVRE, Mrs Frances Marie ;40 ;3rd Class Passenger ;
F. Lefebvre
LEFEBVRE, Mr Paul Georges ;35 ;Victualling Crew ;
LEINONEN, Mr Antti Gustaf ;32 ;3rd Class Passenger ;
LENNON, Mr Denis ;20 ;3rd Class Passenger ;
LEONARD, Mr Matthew ;25 ;Victualling Crew ;
LESTER, Mr James ;41 ;3rd Class Passenger ;
LEVETT, Mr George Alfred ;26 ;Victualling Crew ;
LéVY, Mr René Jacques ;37 ;2nd Class Passenger ;
R. Lévy
LEWY, Mr Ervin G. ;30 ;1st Class Passenger ;
LEYSON, Mr Robert William Norman ;25 ;2nd Class Passenger ;
LIEVENS, Mr René Aimé ;24 ;3rd Class Passenger ;
LIGHT, Mr W. ;47 ;Engineering Crew ;
LIGHT, Mr Charles Edward ;24 ;Victualling Crew ;
LIGHT, Mr Christopher William ;20 ;Engineering Crew ;
LINDAHL, Miss Agda Thorilda Viktoria ;25 ;3rd Class Passenger ;
LINDBLOM, Miss Augusta Charlotta ;45 ;3rd Class Passenger ;
LINDELL, Mrs Elin Gerda ;30 ;3rd Class Passenger ;
E. Lindell
LINDELL, Mr Edvard Bengtsson ;36 ;3rd Class Passenger ;
E. Lindell
LINEHAN, Mr Michael ;21 ;3rd Class Passenger ;
LING, Mr Lee ;28 ;3rd Class Passenger ;
LINGANE, Mr John ;61 ;2nd Class Passenger ;
LINHART, Mr Wenzel ;28 ;3rd Class Passenger ;
LIVSHIN, Mr David ;25 ;3rd Class Passenger ;
LLOYD, Mr William ;29 ;Engineering Crew
Substitute Crew ;
LLOYD, Mr Humphrey ;41 ;Victualling Crew ;
LOBB, Mrs Cordelia ;34 ;3rd Class Passenger ;
LOBB, Mr William Arthur ;31 ;3rd Class Passenger ;
LOCKE, Mr Albert George ;33 ;Victualling Crew
Substitute Crew ;
LOCKYER, Mr Edward Thomas ;19 ;3rd Class Passenger ;
LONG, Mr Milton Clyde ;29 ;1st Class Passenger ;
LONG, Mr William ;36 ;Engineering Crew ;
LONG, Mr Frank ;31 ;Engineering Crew ;
F. Long
LONGMUIR, Mr John Dickson ;20 ;Victualling Crew ;
LORING, Mr Joseph Holland ;30 ;1st Class Passenger ;
J. Loring
LOUCH, Mr Charles ;50 ;2nd Class Passenger ;
LOVELL, Mr John Hall ;20 ;3rd Class Passenger ;
LOVELL, Mr John ;37 ;Victualling Crew ;
LUNDAHL, Mr Johan Svensson ;50 ;3rd Class Passenger ;
LYDIATT, Mr Charles ;45 ;Victualling Crew ;
C. Lydiatt
LYMPEROPOULUS, Mr Panagiotis K. ;30 ;3rd Class Passenger ;
LYNTAKOFF, Mr Stanko ;44 ;3rd Class Passenger ;
LYONS, Mr William Henry ;26 ;Deck Crew ;
W. Lyons
MABEY, Mr John Charles ;24 ;Victualling Crew ;
MACK, Mrs Mary ;57 ;2nd Class Passenger ;
MACKAY, Mr George William ;20 ;3rd Class Passenger ;
MACKIE, Mr George William ;34 ;Victualling Crew ;
MACKIE, Mr William Dickson ;32 ;Engineering Crew ;
W. Mackie
MäENPää, Mr Matti Alexanteri ;22 ;3rd Class Passenger ;
MAGUIRE, Mr John Edward ;30 ;1st Class Passenger ;
MAHON, Miss Bridget Delia ;20 ;3rd Class Passenger ;
MAJOR, Mr Thomas Edgar ;36 ;Victualling Crew ;
MäKINEN, Mr Kalle Edvard ;29 ;3rd Class Passenger ;
MALACHARD, Mr Jean-Noël ;25 ;2nd Class Passenger ;
MALLET, Mr Albert Denis Pierre ;45 ;2nd Class Passenger ;
MANGAN, Miss Mary ;32 ;3rd Class Passenger ;
MANGIAVACCHI, Mr Emilio Giovanni Andrea Onorato ;47 ;2nd Class Passenger ;
MANTLE, Mr Roland Frederick ;40 ;Victualling Crew ;
MARCH, Mr John Starr ;50 ;Victualling Crew
Postal Clerk ;
J. March
MARDIROSIAN, Mr Sarkis ;25 ;3rd Class Passenger ;
MARETT, Mr George John ;27 ;Engineering Crew ;
MARINKO, Mr Dmitri ;23 ;3rd Class Passenger ;
MARKOFF, Mr Marin ;35 ;3rd Class Passenger ;
MARKS, Mr James ;27 ;Victualling Crew ;
MARKUN, Mr Johann ;33 ;3rd Class Passenger ;
MARRIOTT, Mr John William ;21 ;Victualling Crew ;
MARSH, Mr Frederick Charles ;39 ;Engineering Crew ;
MARVIN, Mr Daniel Warner ;18 ;1st Class Passenger ;
D. Marvin
MASKELL, Mr Leopold Adolphus ;25 ;Engineering Crew ;
MASON, Mr J. ;39 ;Engineering Crew ;
MATHERSON, Mr David ;33 ;Deck Crew ;
MATHIAS, Mr Montague Vincent ;29 ;Deck Crew ;
MATINOFF, Mr Nicola ;30 ;3rd Class Passenger ;
MATTHEWS, Mr William John ;23 ;2nd Class Passenger ;
MATTMANN, Sig. Adolf ;20 ;Restaurant Staff ;
A. Mattmann
MAXWELL, Mr John ;29 ;Deck Crew ;
J. Maxwell
MAY, Mr Arthur William ;59 ;Engineering Crew ;
A. May
MAY, Mr Arthur William ;22 ;Engineering Crew ;
A. May
MAYBERY, Mr Frank Hubert ;36 ;2nd Class Passenger ;
MAYO, Mr William Peter ;28 ;Engineering Crew ;
MAYTUM, Mr Alfred ;53 ;Victualling Crew ;
A. Maytum
MCANDREW, Mr Thomas Patrick ;38 ;Engineering Crew ;
MCANDREWS, Mr William ;23 ;Engineering Crew ;
MCCAFFRY, Mr Thomas Francis ;46 ;1st Class Passenger ;
T. McCaffry
MCCARTHY, Mr Frederick James ;38 ;Victualling Crew ;
MCCARTHY, Mr Timothy John ;55 ;1st Class Passenger ;
T. McCarthy
MCCASTLIN, Mr William ;28 ;Engineering Crew ;
MCCAWLEY, Mr Thomas W. ;36 ;Victualling Crew ;
MCCRAE, Mr Arthur Gordon ;32 ;2nd Class Passenger ;
A. McCrae
MCCRIE, Mr James Matthew ;32 ;2nd Class Passenger ;
MCELROY, Mr Hugh Walter ;37 ;Victualling Crew ;
H. McElroy
MCEVOY, Mr Michael ;20 ;3rd Class Passenger ;
MCGARVEY, Mr Edward Joseph ;34 ;Engineering Crew ;
MCGAW, Mr Erroll Victor ;30 ;Engineering Crew ;
E. McGaw
MCGOWAN, Miss Catherine ;42 ;3rd Class Passenger ;
MCGRADY, Mr James ;27 ;Victualling Crew ;
MCINERNEY, Mr Thomas ;38 ;Engineering Crew ;
MCKANE, Mr Peter Daniel ;46 ;2nd Class Passenger ;
MCMAHON, Mr Martin ;19 ;3rd Class Passenger ;
MCMICKEN, Mr Benjamin Tucker ;21 ;Victualling Crew ;
MCMULLIN, Mr John Richard ;36 ;Victualling Crew ;
MCMURRAY, Mr William ;44 ;Victualling Crew ;
W. McMurray
MCNAMEE, Mrs Eileen ;19 ;3rd Class Passenger ;
E. McNamee
MCNAMEE, Mr Neal ;27 ;3rd Class Passenger ;
N. McNamee
MCNEILL, Miss Bridget ;32 ;3rd Class Passenger ;
MCQUILLAN, Mr William ;26 ;Engineering Crew ;
W. McQuillan
MCRAE, Mr William Alexander ;32 ;Engineering Crew ;
MCREYNOLDS, Mr William ;22 ;Engineering Crew ;
W. McReynolds
MEANWELL, Mrs Marian ;62 ;3rd Class Passenger ;
M. Meanwell
MEEHAN, Mr John ;22 ;3rd Class Passenger ;
MEEK, Mrs Annie Louisa ;32 ;3rd Class Passenger ;
MEISNERE, Mr Simon ;34 ;3rd Class Passenger ;
MELLOR, Mr Arthur ;34 ;Victualling Crew ;
MEO (MARTINO), Mr Alfonzo ;48 ;3rd Class Passenger ;
MERNAGH, Mr Robert ;28 ;3rd Class Passenger ;
MEYER, Mr Edgar Joseph ;28 ;1st Class Passenger ;
E. Meyer
MEYER, Mr August ;31 ;2nd Class Passenger ;
MIDDLETON, Mr Mark Victor ;24 ;Victualling Crew ;
MIDDLETON, Mr Alfred Pirrie ;27 ;Engineering Crew ;
MIHOFF, Mr Stoytcho ;28 ;3rd Class Passenger ;
MILES, Mr Frank ;23 ;3rd Class Passenger ;
MILFORD, Mr George ;28 ;Engineering Crew ;
MILLAR, Mr Thomas ;32 ;Engineering Crew ;
MILLAR, Mr Robert ;26 ;Engineering Crew ;
R. Millar
MILLET, Mr Francis Davis ;65 ;1st Class Passenger ;
F. Millet
MILLING, Mr Jacob Christian ;48 ;2nd Class Passenger ;
MINAHAN, Dr William Edward ;44 ;1st Class Passenger ;
W. Minahan
MINEFF, Mr Ivan ;24 ;3rd Class Passenger ;
MINKOFF, Mr Lazar ;21 ;3rd Class Passenger ;
MINTRAM, Mr William ;46 ;Engineering Crew ;
W. Mintram
MISH'ALāNī, Mr Ibrāhīm Mansūr ;53 ;Victualling Crew ;
MITCHELL, Mr Henry Michael ;72 ;2nd Class Passenger ;
MITCHELL, Mr Lorenzo Horace ;19 ;Engineering Crew ;
MITKOFF, Mr Mito ;23 ;3rd Class Passenger ;
MOEN, Mr Sigurd Hansen ;27 ;3rd Class Passenger ;
MOLSON, Mr Harry Markland ;55 ;1st Class Passenger ;
H. Molson
MONRóS, Sr. Joan Javier ;20 ;Restaurant Staff ;
MONTEVERDI, Sig. Giovanni ;23 ;Restaurant Staff ;
MONTVILA, Fr Juozas ;27 ;2nd Class Passenger ;
MOODY, Mr James Paul ;24 ;Deck Crew
Titanic Officers ;
J. Moody
MOORE, Mr Ralph ;22 ;Engineering Crew ;
MOORE, Mr Alfred Ernest ;39 ;Victualling Crew ;
MOORE, Mr Clarence ;47 ;1st Class Passenger ;
C. Moore
MOORE, Mr Leonard Charles ;19 ;3rd Class Passenger ;
MOORES, Mr Richard Henry ;44 ;Engineering Crew ;
MORAN, Mr Daniel J. ;28 ;3rd Class Passenger ;
MORAWECK, Dr Ernest ;54 ;2nd Class Passenger ;
MORGAN, Mr Thomas A. ;26 ;Engineering Crew ;
MORGAN, Mr Arthur Herbert ;27 ;Engineering Crew ;
MORGAN (BIRD), Mr Charles Frederick ;42 ;Victualling Crew ;
MORLEY, Mr William ;34 ;3rd Class Passenger ;
MORLEY, Mr Henry Samuel ;38 ;2nd Class Passenger ;
H. Morley
MORRIS, Mr William Edward ;23 ;Engineering Crew ;
MORROW, Mr Thomas Rowan ;30 ;3rd Class Passenger ;
T. Morrow
MOSS, Mr William ;36 ;Victualling Crew ;
MOUTAL, Mr Rahamin Haim ;28 ;3rd Class Passenger ;
R. Moutal
MOYES, Mr William Young ;24 ;Engineering Crew ;
W. Moyes
MUDD, Mr Thomas Cupper ;17 ;2nd Class Passenger ;
MüLLER, Mr Ludwig ;37 ;Victualling Crew ;
MULLIN, Mr Thomas ;20 ;Victualling Crew ;
MULLIN, Miss Mary ;18 ;3rd Class Passenger ;
MURDLIN, Mr Joseph ;22 ;3rd Class Passenger ;
MURDOCH, Mr William McMaster ;39 ;Deck Crew
Titanic Officers ;
W. Murdoch
MYHRMAN, Mr Pehr Fabian Oliver Malkolm ;18 ;3rd Class Passenger ;
P. Myhrman
MYLES, Mr Thomas Francis ;63 ;2nd Class Passenger ;
T. Myles
NAIDENOFF, Mr Penko ;22 ;3rd Class Passenger ;
NAKHLI, Mr Toufik ;17 ;3rd Class Passenger ;
NANCARROW, Mr William Henry ;36 ;3rd Class Passenger ;
NANKOFF, Mr Minko ;32 ;3rd Class Passenger ;
NANNINI, Sig. Francesco Luigi Arcangelo ;42 ;Restaurant Staff ;
NASR 'ALMā, Mr Mustafà ;20 ;3rd Class Passenger ;
NAṣR ALLāH, Mr Niqūlā Khalīl ;29 ;2nd Class Passenger ;
NAṣR-RIZQ, Mr Su'ādah Ḥannā ;20 ;3rd Class Passenger ;
NATSCH, Mr Charles ;36 ;1st Class Passenger ;
C. Natsch
NAUGHTON, Miss Hannah ;21 ;3rd Class Passenger ;
NAVRATIL, Mr Michel ;32 ;2nd Class Passenger ;
M. Navratil
NENKOV, Mr Hristo ;22 ;3rd Class Passenger ;
NESSON, Mr Israel ;26 ;2nd Class Passenger ;
NETTLETON, Mr George Walter ;30 ;Engineering Crew ;
NEWELL, Mr Arthur Webster ;58 ;1st Class Passenger ;
A. Newell
NEWMAN, Mr Charles Thomas ;33 ;Engineering Crew ;
NICHOLLS, Mr Sidney ;39 ;Victualling Crew ;
NICHOLLS, Mr Joseph Charles ;19 ;2nd Class Passenger ;
NICHOLS, Mr Albert William Stanley ;47 ;Deck Crew ;
A. Nichols
NICHOLS, Mr Arthur ;46 ;Victualling Crew ;
NICHOLSON, Mr Arthur Ernest ;60 ;1st Class Passenger ;
NIEMINEN, Miss Manta Josefina ;29 ;3rd Class Passenger ;
NIKLASSON, Mr Samuel ;28 ;3rd Class Passenger ;
NILSSON, Mr August Ferdinand ;21 ;3rd Class Passenger ;
NIRVA, Mr Iisakki Antino Äijö ;41 ;3rd Class Passenger ;
NIVEN, Mr John Brown ;30 ;Engineering Crew ;
NOFAL, Mr Mansouer ;20 ;3rd Class Passenger ;
NOON, Mr John Thomas ;42 ;Engineering Crew ;
NORMAN, Mr Robert Douglas ;27 ;2nd Class Passenger ;
NORRIS, Mr James ;22 ;Engineering Crew ;
NOSS, Mr Bertram Arthur ;21 ;Engineering Crew ;
B. Noss
NOSWORTHY, Mr Richard Cater ;21 ;3rd Class Passenger ;
NYSVEEN, Mr Johan Hansen ;60 ;3rd Class Passenger ;
O'BRIEN, Mr Denis ;21 ;3rd Class Passenger ;
O'BRIEN, Mr Thomas ;27 ;3rd Class Passenger ;
O'CONNELL, Mr Patrick Denis ;18 ;3rd Class Passenger ;
O'CONNOR, Mr Thomas Peter ;44 ;Victualling Crew ;
O'CONNOR, Mr Patrick ;23 ;3rd Class Passenger ;
O'CONNOR, Mr Maurice ;17 ;3rd Class Passenger ;
O'KEEFE, Mr Arthur ;44 ;3rd Class Passenger ;
O'LOUGHLIN, Dr William Francis Norman ;63 ;Deck Crew ;
W. O'Loughlin
O'SULLIVAN, Miss Bridget Mary ;21 ;3rd Class Passenger ;
ÖDAHL, Mr Nils Martin ;23 ;3rd Class Passenger ;
N. Ödahl
OLIVE, Mr Charles ;31 ;Engineering Crew ;
OLIVE, Mr Ernest Roskelly ;27 ;Victualling Crew ;
OLSEN, Mr Henry Margido ;28 ;3rd Class Passenger ;
H. Olsen
OLSEN, Mr Karl Siegwart Andreas ;42 ;3rd Class Passenger ;
OLSEN, Mr Ole Martin ;27 ;3rd Class Passenger ;
O. Olsen
OLSSON, Miss Elina ;31 ;3rd Class Passenger ;
OLSSON, Mr Nils Johan Göransson ;28 ;3rd Class Passenger ;
OLSVIGEN, Mr Thor Anderson ;20 ;3rd Class Passenger ;
ORESKOVIC, Miss Jelka ;23 ;3rd Class Passenger ;
ORESKOVIC, Mr Luka ;20 ;3rd Class Passenger ;
ORESKOVIC, Miss Marija ;20 ;3rd Class Passenger ;
ORPET, Mr Walter Hayward ;31 ;Victualling Crew ;
W. Orpet
ORR, Mr James ;39 ;Victualling Crew ;
OSBORNE, Mr William Edward ;33 ;Victualling Crew ;
W. Osborne
OSéN, Mr Olaf Elon ;16 ;3rd Class Passenger ;
OTTER, Mr Richard ;38 ;2nd Class Passenger ;
R. Otter
OVIéS Y RODRíGUEZ, Mr Servando José Florentino ;36 ;1st Class Passenger ;
OWEN, Mr Lewis ;43 ;Victualling Crew ;
PACEY, Mr Reginald lvan ;17 ;Victualling Crew ;
PACHERA, Sig. Jean Baptiste Stanislas ;19 ;Restaurant Staff ;
J. Pachera
PAICE, Mr Richard Charles John ;32 ;Engineering Crew ;
PAIN, Dr Alfred ;23 ;2nd Class Passenger ;
PAINTER, Mr Frank ;29 ;Engineering Crew ;
PAINTER, Mr Charles ;32 ;Engineering Crew ;
C. Painter
PAINTIN, Mr James Arthur ;29 ;Victualling Crew ;
J. Paintin
PALLES, Mr Thomas Henry Michael ;45 ;Engineering Crew ;
PåLSSON, Miss Stina Viola ;3 ;3rd Class Passenger ;
S. Pålsson
PåLSSON, Master Paul Folke ;6 ;3rd Class Passenger ;
PåLSSON, Master Gösta Leonard ;2 ;3rd Class Passenger ;
G. Pålsson
PåLSSON, Mrs Alma Cornelia ;29 ;3rd Class Passenger ;
A. Pålsson
PåLSSON, Miss Torborg Danira ;8 ;3rd Class Passenger ;
PANULA, Master Eino Viljam ;1 ;3rd Class Passenger ;
PANULA, Master Urho Abraham ;2 ;3rd Class Passenger ;
PANULA, Master Juha Niilo ;7 ;3rd Class Passenger ;
PANULA, Mr Ernesti Arvid ;16 ;3rd Class Passenger ;
PANULA, Master Jaako Arnold ;15 ;3rd Class Passenger ;
PANULA, Mrs Maija Emelia Abrahamintytar ;41 ;3rd Class Passenger ;
M. Panula
PARKER, Mr Clifford Richard ;17 ;2nd Class Passenger ;
PARKES, Mr Francis ;21 ;2nd Class Passenger
H&W Guarantee Group ;
PARR, Mr William Henry Marsh ;30 ;1st Class Passenger
H&W Guarantee Group ;
PARSONS, Mr Frank Alfred ;27 ;Engineering Crew ;
F. Parsons
PARSONS, Mr Richard Henry ;18 ;Victualling Crew ;
R. Parsons
PARSONS, Mr Edward ;37 ;Victualling Crew ;
PARTNER, Mr Austin ;40 ;1st Class Passenger ;
A. Partner
PASIC, Mr Jakob ;21 ;3rd Class Passenger ;
PATCHETT, Mr George ;20 ;3rd Class Passenger ;
G. Patchett
PAVLOVIC, Mr Stefo ;32 ;3rd Class Passenger ;
PAYNE, Mr Vivian Ponsonby ;23 ;1st Class Passenger
Servant ;
PEACOCK, Miss Treasteall ;4 ;3rd Class Passenger ;
PEACOCK, Master Albert Edward ;7 m ;3rd Class Passenger ;
PEACOCK, Mrs Edith ;26 ;3rd Class Passenger ;
PEARCE, Mr Alfred Ernest ;24 ;Victualling Crew ;
PEARCE, Mr Ernest ;32 ;3rd Class Passenger ;
PEARS, Mr Thomas Clinton ;29 ;1st Class Passenger ;
T. Pears
PEDERSEN, Mr Olaf ;28 ;3rd Class Passenger ;
PEDRINI, Sig. Alessandro ;21 ;Restaurant Staff ;
A. Pedrini
PEDUZZI, Mr Giuseppe ;24 ;3rd Class Passenger ;
PEKONIEMI, Mr Edvard ;21 ;3rd Class Passenger ;
PELTOMäKI, Mr Nikolai Johannes ;25 ;3rd Class Passenger ;
PEñASCO Y CASTELLANA, Mr Victor ;24 ;1st Class Passenger ;
PENGELLY, Mr Frederick William ;20 ;2nd Class Passenger ;
PENNAL, Mr Thomas Frederick Cohen ;34 ;Victualling Crew ;
PENNY, Mr William Farr ;31 ;Victualling Crew ;
W. Penny
PENROSE, Mr John Poole ;49 ;Victualling Crew ;
PERACCHIO, Sig. Sebastiano ;17 ;Restaurant Staff ;
S. Peracchio
PERACCHIO, Sig. Alberto ;20 ;Restaurant Staff ;
A. Peracchio
PERKIN, Mr John Henry ;24 ;3rd Class Passenger ;
PERKINS, Mr Laurence Alexander ;22 ;Victualling Crew ;
PERNOT, Mr René ;39 ;2nd Class Passenger
Servant ;
R. Pernot
PEROTTI, Sig. Alfonso ;20 ;Restaurant Staff ;
A. Perotti
PERREN, Mr William Charles ;47 ;Victualling Crew ;
PERRITON, Mr Hubert Prouse ;32 ;Victualling Crew ;
PERRY, Mr Henry Frederick ;23 ;Engineering Crew ;
PERUSCHITZ, Fr Josef ;41 ;2nd Class Passenger ;
J. Peruschitz
PETERANEC KRAMARIć, Miss Mathilda ;28 ;3rd Class Passenger ;
PETERS, Miss Catherine ;28 ;3rd Class Passenger ;
C. Peters
PETERSEN, Mr Marius ;24 ;3rd Class Passenger ;
PETROFF, Mr Pastcho ;29 ;3rd Class Passenger ;
PETROFF, Mr Nedialco ;19 ;3rd Class Passenger ;
PETTERSSON, Miss Elin Natalia ;18 ;3rd Class Passenger ;
PETTERSSON, Mr Johan Emil ;25 ;3rd Class Passenger ;
PETTY, Mr Edwin Henry ;25 ;Victualling Crew ;
E. Petty
PHILLIPS, Mr Walter John ;35 ;Restaurant Staff ;
PHILLIPS, Mr John George ;25 ;Victualling Crew ;
J. Phillips
PHILLIPS, Mr Escott Robert ;43 ;2nd Class Passenger ;
E. Phillips
PHILLIPS, Mr A. George ;27 ;Engineering Crew ;
PIATTI, Sig. Louis ;17 ;Restaurant Staff ;
PIAZZA, Sig. Pompeo Gaspro ;33 ;Restaurant Staff ;
PITFIELD, Mr William James ;25 ;Engineering Crew ;
PLATT, Mr Wilfred George ;18 ;Victualling Crew ;
PLOTCHARSKY, Mr Vasil ;27 ;3rd Class Passenger ;
POGGI, Sig. Emilio ;28 ;Restaurant Staff ;
E. Poggi
POKRNIC, Mr Tome ;24 ;3rd Class Passenger ;
POKRNIC, Mr Mate ;17 ;3rd Class Passenger ;
POND, Mr George ;32 ;Engineering Crew ;
PONESELL, Mr Martin ;24 ;2nd Class Passenger ;
POOK, Mr Percy Robert ;36 ;Victualling Crew ;
PORTER, Mr Walter Chamberlain ;46 ;1st Class Passenger ;
W. Porter
PORTEUS, Mr Thomas Henry ;33 ;Victualling Crew ;
PRESTON, Mr Thomas Charles Alfred ;20 ;Engineering Crew ;
T. Preston
PRICE, Mr Ernest Cyril ;17 ;Restaurant Staff ;
PRIDEAUX, Mr John Arthur (Jack) ;23 ;Victualling Crew ;
J. Prideaux
PROCTOR, Mr Charles ;46 ;Victualling Crew ;
C. Proctor
PROUDFOOT, Mr Richard Royston ;21 ;Engineering Crew ;
PRYCE, Mr Charles William ;23 ;Victualling Crew ;
C. Pryce
PUGH, Mr Arthur Percy ;31 ;Engineering Crew ;
PULBAUM, Mr Franz ;27 ;2nd Class Passenger ;
PULNER, Mr Usscher ;16 ;3rd Class Passenger ;
PUZEY, Mr John Edward ;44 ;Victualling Crew ;
RADEFF, Mr Alexander ;27 ;3rd Class Passenger ;
RAFūL-BūLUS, Mr Bākhūs ;21 ;3rd Class Passenger ;
RANDALL, Mr Frank Henry ;29 ;Victualling Crew ;
RANSOM, Mr James Augustus ;50 ;Victualling Crew ;
RASMUSSEN, Mrs Lena Jakobsen ;63 ;3rd Class Passenger ;
RATTENBURY, Mr William Henry ;38 ;Victualling Crew ;
W. Rattenbury
RATTI, Sig. Enrico ;21 ;Restaurant Staff ;
READ, Mr Joseph ;20 ;Engineering Crew ;
REED, Mr Thomas Charles Prowse ;54 ;Victualling Crew ;
REED, Mr James George ;18 ;3rd Class Passenger ;
REEVES, Mr Frederick ;20 ;Victualling Crew ;
F. Reeves
REEVES, Mr Frederick Simms ;34 ;Engineering Crew ;
REEVES, Mr David ;36 ;2nd Class Passenger ;
REID, Mr Robert Thomas ;31 ;Engineering Crew ;
REKIC, Mr Tido ;38 ;3rd Class Passenger ;
RENOUF, Mr Peter Henry ;33 ;2nd Class Passenger ;
P. Renouf
RENTOWL, Mr Philip Charles T. ;26 ;Engineering Crew ;
REUCHLIN, Mr Jonkheer Johan George ;37 ;1st Class Passenger ;
J. Reuchlin
REVELL, Mr William James Francis ;31 ;Victualling Crew ;
REYNOLDS, Mr Harold ;21 ;3rd Class Passenger ;
RICALDONE, Sig. Rinaldo Renato ;22 ;Restaurant Staff ;
R. Ricaldone
RICE, Master George Hugh ;8 ;3rd Class Passenger ;
RICE, Master Albert ;10 ;3rd Class Passenger ;
RICE, Mrs Margaret ;39 ;3rd Class Passenger ;
M. Rice
RICE, Mr Percy ;19 ;Victualling Crew ;
RICE, Mr John Reginald ;25 ;Victualling Crew ;
RICE, Master Eugene Francis ;2 ;3rd Class Passenger ;
RICE, Master Arthur ;4 ;3rd Class Passenger ;
RICE, Master Eric ;7 ;3rd Class Passenger ;
RICHARD, Mr Emile Phillippe ;23 ;2nd Class Passenger ;
RICHARDS, Mr Joseph James ;30 ;Engineering Crew ;
RICKMAN, Mr George Albert ;36 ;Engineering Crew ;
RICKS, Mr Cyril Gordon ;22 ;Victualling Crew ;
C. Ricks
RIDOUT, Mr Walter George ;29 ;Victualling Crew ;
RIGHINI, Mr Sante ;29 ;1st Class Passenger
Servant ;
RIGOZZI, Mr Abele ;22 ;Restaurant Staff ;
A. Rigozzi
RIIHIVUORI, Miss Susanna Juhantytär ;22 ;3rd Class Passenger ;
RIMMER, Mr Gilbert ;29 ;Victualling Crew ;
RINTAMäKI, Mr Matti ;35 ;3rd Class Passenger ;
RISIEN, Mrs Emma Jane ;64 ;3rd Class Passenger ;
RISIEN, Mr Samuel Beard ;69 ;3rd Class Passenger ;
ROBERTON, Mr George Edward ;19 ;Victualling Crew ;
G. Roberton
ROBERTS, Mr Robert George ;35 ;Engineering Crew ;
ROBERTS, Mr Hugh H. ;41 ;Victualling Crew ;
ROBERTS, Mr Frank John ;37 ;Victualling Crew ;
F. Roberts
ROBINS, Mrs Charity ;48 ;3rd Class Passenger ;
ROBINS, Mr Victor ;45 ;1st Class Passenger
Servant ;
ROBINS, Mr Alexander ;50 ;3rd Class Passenger ;
ROBINSON, Mr James William ;30 ;Victualling Crew ;
ROEBLING, Mr Washington Augustus II ;31 ;1st Class Passenger ;
W. Roebling
ROGERS, Mr Michael Joseph ;26 ;Victualling Crew ;
ROGERS, Mr Edward James William ;31 ;Victualling Crew ;
E. Rogers
ROGERS, Mr Reginald Harry ;18 ;2nd Class Passenger ;
ROGERS, Mr William John ;30 ;3rd Class Passenger ;
ROMMETVEDT, Mr Knud Paust ;49 ;3rd Class Passenger ;
ROOD, Mr Hugh Roscoe ;39 ;1st Class Passenger ;
ROSBLOM, Mr Viktor Richard ;18 ;3rd Class Passenger ;
ROSBLOM, Miss Salli Helena ;2 ;3rd Class Passenger ;
ROSBLOM, Mrs Helena Wilhelmina ;41 ;3rd Class Passenger ;
ROSENSHINE, Mr George ;46 ;1st Class Passenger ;
ROSS, Mr John Hugo ;36 ;1st Class Passenger ;
J. Ross
ROTHSCHILD, Mr Martin ;46 ;1st Class Passenger ;
ROTTA, Sig. Angelo Mario ;23 ;Restaurant Staff ;
A. Rotta
ROUS, Mr Arthur John ;26 ;Engineering Crew ;
A. Rous
ROUSE, Mr Richard Henry ;55 ;3rd Class Passenger ;
ROUSSEAU, Mr Pierre ;48 ;Restaurant Staff ;
P. Rousseau
ROWE, Mr Edgar Maurice ;31 ;Victualling Crew ;
ROWE, Mr Alfred G. ;59 ;1st Class Passenger ;
A. Rowe
RUDD, Mr Henry ;24 ;Engineering Crew ;
H. Rudd
RUSH, Mr Alfred George John ;17 ;3rd Class Passenger ;
RUSSELL, Mr Boysie Richard ;17 ;Victualling Crew ;
B. Russell
RUTTER, Mr Sidney Frank ;26 ;Engineering Crew ;
RYAN, Mr Thomas ;28 ;Victualling Crew ;
T. Ryan
RYAN, Mr Patrick ;30 ;3rd Class Passenger ;
RYERSON, Mr Arthur Larned ;61 ;1st Class Passenger ;
A. Ryerson
SAAD, Mr Amin ;30 ;3rd Class Passenger ;
SACCAGGI, Sig. Giovanni Giuseppe Emilio ;24 ;Restaurant Staff ;
SADLIER, Mr Matthew ;19 ;3rd Class Passenger ;
SADOWITZ, Mr Henry ;17 ;3rd Class Passenger ;
SAGE, Mr Douglas Bullen ;18 ;3rd Class Passenger ;
SAGE, Master Thomas Henry ;5 ;3rd Class Passenger ;
SAGE, Mr George John ;19 ;3rd Class Passenger ;
G. Sage
SAGE, Miss Constance Gladys ;8 ;3rd Class Passenger ;
SAGE, Miss Stella Anne ;20 ;3rd Class Passenger ;
SAGE, Miss Elizabeth Ada ;10 ;3rd Class Passenger ;
SAGE, Mrs Annie Elizabeth ;44 ;3rd Class Passenger ;
SAGE, Master Anthony William ;12 ;3rd Class Passenger ;
SAGE, Mr John George ;44 ;3rd Class Passenger ;
J. Sage
SAGE, Miss Dorothy Florence ;14 ;3rd Class Passenger ;
SAGE, Mr Frederick ;16 ;3rd Class Passenger ;
SALANDER, Mr Karl Johan ;24 ;3rd Class Passenger ;
SALONEN, Mr Johan Werner ;29 ;3rd Class Passenger ;
SALUSSOLIA, Sig. Govanni ;25 ;Restaurant Staff ;
G. Salussolia
SAMAAN, Mr Youssef ;16 ;3rd Class Passenger ;
SAMAAN, Mr Elias ;17 ;3rd Class Passenger ;
SAMAAN, Mr Hanna Elias ;40 ;3rd Class Passenger ;
SAMUEL, Mr Owen Wilmore ;47 ;Victualling Crew ;
SANGSTER, Mr Charles Edward ;30 ;Engineering Crew ;
SARTORI, Sig. Lazar ;24 ;Restaurant Staff ;
SAUNDERCOCK, Mr William Henry ;19 ;3rd Class Passenger ;
SAUNDERS, Mr W. ;23 ;Engineering Crew ;
SAUNDERS, Mr Walter Ernest ;23 ;Engineering Crew ;
SAUNDERS, Mr D. E. ;26 ;Victualling Crew ;
D. Saunders
SAUNDERS, Mr F. ;22 ;Engineering Crew ;
SAWYER, Mr Frederick Charles ;24 ;3rd Class Passenger ;
SAWYER, Mr Robert James ;31 ;Deck Crew ;
R. Sawyer
SCANLAN, Mr James ;22 ;3rd Class Passenger ;
SCAVINO, Sig. Candido ;42 ;Restaurant Staff ;
SCHMIDT, Mr Augustus ;22 ;2nd Class Passenger ;
A. Schmidt
SCOTT, Mr John ;20 ;Victualling Crew ;
SCOTT, Mr Archibald ;41 ;Engineering Crew ;
SCOVELL, Mr Robert ;55 ;Victualling Crew ;
SDYCOFF, Mr Todor ;42 ;3rd Class Passenger ;
SEDGWICK, Mr Charles Frederick Waddington ;28 ;2nd Class Passenger ;
SEDUNARY, Mr Samuel Francis ;25 ;Victualling Crew ;
S. Sedunary
SELF, Mr Alfred Henry ;40 ;Engineering Crew ;
SEMAN, Master Betros ;10 ;3rd Class Passenger ;
SESIA, Sig. Giacomo ;24 ;Restaurant Staff ;
SHANNON, Mr Andrew John ;35 ;3rd Class Passenger ;
SHARP, Mr Percival ;29 ;2nd Class Passenger ;
SHAUGHNESSY, Mr Patrick ;27 ;3rd Class Passenger ;
SHAW, Mr Henry ;42 ;Victualling Crew ;
SHEA, Mr John Joseph ;40 ;Victualling Crew ;
SHEA, Mr Thomas ;32 ;Engineering Crew ;
SHEDID, Mr Daher ;19 ;3rd Class Passenger ;
SHELLARD, Mr Frederick William Blainey ;55 ;3rd Class Passenger ;
SHEPHERD, Mr Jonathan ;32 ;Engineering Crew ;
J. Shepherd
SHIHāB, Mr Al-Amīr Fāris ;26 ;3rd Class Passenger ;
A. Shihāb
SHILLABEER, Mr Charles Frederick ;19 ;Engineering Crew ;
SHORNEY, Mr Charles Joseph ;22 ;3rd Class Passenger ;
C. Shorney
SIEBERT, Mr Sidney Conrad ;29 ;Victualling Crew ;
SILVEY, Mr William Baird ;51 ;1st Class Passenger ;
W. Silvey
SIMMONS, Mr Frederick Charles ;24 ;Victualling Crew ;
F. Simmons
SIMMONS, Mr John ;40 ;3rd Class Passenger ;
SIMMONS, Mr William Simon C. ;37 ;Victualling Crew ;
SIMPSON, Dr John Edward ;37 ;Deck Crew ;
J. Simpson
SIRAYANIAN, Mr Orsen ;22 ;3rd Class Passenger ;
SIROTA, Mr Morris ;20 ;3rd Class Passenger ;
SIVIC, Mr Husein ;40 ;3rd Class Passenger ;
SIVIER, Mr William ;23 ;Victualling Crew ;
SIVOLA, Mr Antti Wilhelm ;21 ;3rd Class Passenger ;
SJöSTEDT, Mr Ernst Adolf ;59 ;2nd Class Passenger ;
E. Sjöstedt
SKEATES, Mr William ;23 ;Engineering Crew ;
SKINNER, Mr Edward ;41 ;Victualling Crew ;
SKOOG, Mr Wilhelm Johansson ;40 ;3rd Class Passenger ;
W. Skoog
SKOOG, Miss Margit Elizabeth ;2 ;3rd Class Passenger ;
SKOOG, Miss Mabel ;9 ;3rd Class Passenger ;
SKOOG, Master Harald ;5 ;3rd Class Passenger ;
SKOOG, Master Karl Thorsten ;11 ;3rd Class Passenger ;
SKOOG, Mrs Anna Bernhardina ;43 ;3rd Class Passenger ;
A. Skoog
SLABENOFF, Mr Petco ;42 ;3rd Class Passenger ;
SLEMEN, Mr Richard James ;35 ;2nd Class Passenger ;
SLIGHT, Mr William Henry James ;36 ;Victualling Crew ;
SLIGHT, Mr Harry John ;33 ;Victualling Crew ;
SLOAN, Mr Peter ;31 ;Engineering Crew ;
P. Sloan
SLOCOVSKI, Mr Selman Francis ;20 ;3rd Class Passenger ;
SMALL, Mr William McMillan ;42 ;Engineering Crew ;
SMART, Mr John Montgomery ;56 ;1st Class Passenger ;
SMILJANIC, Mr Mile ;37 ;3rd Class Passenger ;
SMILLIE, Mr John Downing ;29 ;Victualling Crew ;
J. Smillie
SMITH, Mr Emest George ;27 ;Engineering Crew ;
SMITH, Mr Richard William ;57 ;1st Class Passenger ;
SMITH, Mr Reginald George ;33 ;Victualling Crew ;
SMITH, Mr James Clinch ;56 ;1st Class Passenger ;
J. Smith
SMITH, Mr William ;26 ;Deck Crew ;
SMITH, Mr John Richard Jago ;35 ;Victualling Crew
Postal Clerk ;
J. Smith
SMITH, Mr James William ;24 ;Victualling Crew ;
SMITH, Captain Edward John ;62 ;Deck Crew
Titanic Officers ;
E. Smith
SMITH, Mr Charles Edwin ;40 ;Victualling Crew ;
SMITH, Mr James Muil ;39 ;Engineering Crew ;
J. Smith
SMITH, Mr Charles Henry James ;38 ;Victualling Crew ;
SMITH, Mr Lucian Philip ;24 ;1st Class Passenger ;
L. Smith
SMITHER, Mr Harry James ;22 ;Engineering Crew ;
SMYTH, Mr Thomas ;27 ;3rd Class Passenger ;
SNAPE, Mrs Lucy Violet ;22 ;Victualling Crew ;
L. Snape
SNELLGROVE, Mr George ;41 ;Engineering Crew ;
SNOOK, Mr William Henry ;26 ;Engineering Crew ;
SOBEY, Mr Samuel James Hayden ;25 ;2nd Class Passenger ;
SOMERTON, Mr Francis William ;31 ;3rd Class Passenger ;
SPECTOR, Mr Woolf ;23 ;3rd Class Passenger ;
SPENCER, Mr William Augustus ;57 ;1st Class Passenger ;
SPINNER, Mr Henry John ;31 ;3rd Class Passenger ;
H. Spinner
STAGG, Mr John Henry ;38 ;Victualling Crew ;
STANBROOK, Mr Augustus George ;31 ;Engineering Crew ;
. Stanbrook
STANEFF, Mr Ivan ;23 ;3rd Class Passenger ;
STANKOVIC, Mr Ivan ;33 ;3rd Class Passenger ;
STANLEY, Mr Rowland Edwin ;22 ;3rd Class Passenger ;
STANTON, Mr Samuel Ward ;42 ;2nd Class Passenger ;
STEAD, Mr William Thomas ;62 ;1st Class Passenger ;
W. Stead
STEBBINGS, Mr Sydney Frederick ;36 ;Victualling Crew ;
STEEL, Mr Robert Edward ;30 ;Engineering Crew
Substitute Crew ;
STEWART, Mr Albert Ankeny ;64 ;1st Class Passenger ;
STOCKER, Mr Henry Dorey ;20 ;Engineering Crew ;
STOKES, Mr Philip Joseph ;24 ;2nd Class Passenger ;
P. Stokes
STONE, Mr Edward Thomas ;29 ;Victualling Crew ;
STONE, Mr Edmund ;33 ;Victualling Crew ;
E. Stone
STOREY, Mr Thomas ;59 ;3rd Class Passenger ;
STOYTCHEFF, Mr Ilia ;19 ;3rd Class Passenger ;
STRANDBERG, Miss Ida Sofia ;22 ;3rd Class Passenger ;
STRAUS, Mrs Rosalie Ida ;63 ;1st Class Passenger ;
R. Straus
STRAUS, Mr Isidor ;67 ;1st Class Passenger ;
I. Straus
STRILIC, Mr Ivan ;27 ;3rd Class Passenger ;
STRöM, Miss Telma Matilda ;2 ;3rd Class Passenger ;
STRöM, Mrs Elna Matilda ;29 ;3rd Class Passenger ;
STROUD, Mr Harry John ;35 ;Victualling Crew ;
STROUD, Mr Edward Alfred Orlando ;19 ;Victualling Crew ;
STRUGNELL, Mr John Herbert ;34 ;Victualling Crew ;
STUBBINGS, Mr Harry Robert ;31 ;Victualling Crew ;
STUBBS, Mr James Henry ;28 ;Engineering Crew ;
SUTEHALL, Mr Henry Jr ;25 ;3rd Class Passenger ;
H. Sutehall
SUTTON, Mr Frederick ;61 ;1st Class Passenger ;
F. Sutton
SVENSSON, Mr Johan ;74 ;3rd Class Passenger ;
J. Svensson
SVENSSON, Mr Olof ;24 ;3rd Class Passenger ;
SWAN, Mr William ;48 ;Victualling Crew ;
SWANE, Mr George ;19 ;2nd Class Passenger
Servant ;
SWEET, Mr George Frederick ;14 ;2nd Class Passenger ;
G. Sweet
SYMONDS, Mr John Crane ;45 ;Victualling Crew ;
SæTHER, Mr Simon Sivertsen ;43 ;3rd Class Passenger ;
SøHOLT, Mr Peter Andreas Lauritz Andersen ;19 ;3rd Class Passenger ;
TALBOT, Mr George Frederick Charles ;20 ;Victualling Crew ;
TAMLYN, Mr Frederick ;24 ;Deck Crew ;
F. Tamlyn
ṬANNūS, Mr Ṭannūs Ḥannā Mu'awwad ;16 ;3rd Class Passenger ;
TANNūS, Mr Bashīr ;30 ;3rd Class Passenger ;
ṬANNūS MU'AWWAD, Mr Ḥannā ;34 ;3rd Class Passenger ;
TAUSSIG, Mr Emil ;54 ;1st Class Passenger ;
TAYLOR, Mr Leonard ;19 ;Victualling Crew ;
L. Taylor
TAYLOR, Mr Charles William Frederick ;40 ;Deck Crew ;
TAYLOR, Mr John Henry ;49 ;Engineering Crew ;
TAYLOR, Mr Bernard Cuthbert ;22 ;Victualling Crew ;
TAYLOR, Mr J. ;42 ;Engineering Crew ;
TAYLOR, Mr Percy Cornelius ;40 ;2nd Class Passenger
Musician ;
P. Taylor
TAYLOR, Mr William John ;31 ;Victualling Crew ;
TERRELL, Mr Bertram ;19 ;Deck Crew ;
TESTONI, Sig. Ercole ;23 ;Restaurant Staff ;
E. Testoni
TEUTON, Mr Thomas Moore ;35 ;Victualling Crew ;
T. Teuton
THALER, Mr Montague Donald ;17 ;Victualling Crew ;
THAYER, Mr John Borland ;49 ;1st Class Passenger ;
J. Thayer
THEOBALD, Mr Thomas Leonard ;34 ;3rd Class Passenger ;
THOMAS, Mr Joseph Wakefield ;24 ;Engineering Crew ;
THOMPSON, Mr Herbert Henry ;25 ;Victualling Crew ;
THOMPSON, Mr Alexander Mellis ;37 ;3rd Class Passenger ;
THORLEY, Mr William Gordon ;41 ;Victualling Crew ;
THORN, Mr Harry ;25 ;Victualling Crew ;
THORNEYCROFT, Mr Percival ;37 ;3rd Class Passenger ;
TIETZ, Sig. Carlo/Karl ;27 ;Restaurant Staff ;
TIKKANEN, Mr Juho ;32 ;3rd Class Passenger ;
TIZARD, Mr Arthur Leopold ;31 ;Engineering Crew ;
TOBIN, Mr Roger ;20 ;3rd Class Passenger ;
TODOROFF, Mr Lalio ;23 ;3rd Class Passenger ;
TOMLIN, Mr Ernest Portage ;22 ;3rd Class Passenger ;
TOPP, Mr Thomas ;28 ;Victualling Crew ;
TöRBER, Mr Ernst Wilhelm ;41 ;3rd Class Passenger ;
TORFA, Mr Assad ;20 ;3rd Class Passenger ;
TOSHACK, Mr James Adamson ;30 ;Victualling Crew ;
TOTEVSKI, Mr Hristo Danchev ;25 ;3rd Class Passenger ;
H. Totevski
TOZER, Mr James ;32 ;Engineering Crew ;
TROUPIANSKY, Mr Moses Aaron ;23 ;2nd Class Passenger ;
TU'MAH AL-SAYQALī, Mr Assāf Jirjis ;29 ;3rd Class Passenger ;
TURCIN, Mr Stjepan ;36 ;3rd Class Passenger ;
TURLEY, Mr Richard ;37 ;Engineering Crew ;
TURNER, Mr Leopold Olerenshaw ;28 ;Victualling Crew ;
TURNER, Mr George Frederick ;42 ;Victualling Crew ;
TURPIN, Mrs Dorothy Ann ;26 ;2nd Class Passenger ;
TURPIN, Mr William John ;29 ;2nd Class Passenger ;
TURVEY, Mr Charles Thomas ;17 ;Restaurant Staff ;
URBINI, Sig. Roberto ;20 ;Restaurant Staff ;
URUCHURTU, Don. Manuel Ramirez ;39 ;1st Class Passenger ;
M. Uruchurtu
VALVASSORI, Sig. Ettore Luigi ;35 ;Restaurant Staff ;
E. Valvassori
VAN BILLIARD, Mr Austin Blyler ;35 ;3rd Class Passenger ;
VAN BILLIARD, Master Walter John ;9 ;3rd Class Passenger ;
VAN BILLIARD, Master James William ;10 ;3rd Class Passenger ;
VAN DE VELDE, Mr Johannes Josef ;35 ;3rd Class Passenger ;
VAN DEN STEEN, Mr Leo Peter ;28 ;3rd Class Passenger ;
VAN DER BRUGGE, Mr Wessel Adrianus ;38 ;Engineering Crew ;
VAN DER HOEF, Mr Wyckoff ;61 ;1st Class Passenger ;
W. Van der hoef
VAN IMPE, Miss Catharina ;10 ;3rd Class Passenger ;
VAN IMPE, Mrs Rosalie Paula ;30 ;3rd Class Passenger ;
VAN IMPE, Mr Jean Baptiste ;36 ;3rd Class Passenger ;
VAN MELCKEBEKE, Mr Philemon ;23 ;3rd Class Passenger ;
VANDERCRUYSSEN, Mr Victor ;46 ;3rd Class Passenger ;
VANDERPLANCKE, Mr Leo Edmondus ;15 ;3rd Class Passenger ;
VANDERPLANCKE, Miss Augusta Maria ;18 ;3rd Class Passenger ;
VANDERPLANCKE, Mrs Emelie Maria ;31 ;3rd Class Passenger ;
VANDERPLANCKE, Mr Julius ;31 ;3rd Class Passenger ;
VANDEWALLE, Mr Nestor Cyriel ;28 ;3rd Class Passenger ;
N. Vandewalle
VEAL, Mr James ;40 ;2nd Class Passenger ;
VEAL, Mr Arthur ;36 ;Engineering Crew ;
VEAL, Mr Thomas Henry Edom ;38 ;Victualling Crew ;
T. Veal
VEAR, Mr Henry ;33 ;Engineering Crew ;
VEAR, Mr William ;34 ;Engineering Crew ;
VESTRöM, Miss Hulda Amanda Adolfina ;14 ;3rd Class Passenger ;
VICAT, Sig. Alphonse Jean Eugene ;21 ;Restaurant Staff ;
VILLVARLANGE, Mr Pierre Léon Gabriel ;19 ;Restaurant Staff ;
P. Villvarlange
VINE, Mr Herbert Thomas Gordon ;17 ;Restaurant Staff ;
VIONI, Sig. Roberto ;25 ;Restaurant Staff ;
VöGELIN-DUBACH, Sig. Johannes ;35 ;Restaurant Staff ;
VOVK, Mr Janko ;21 ;3rd Class Passenger ;
WAELENS, Mr Achille ;22 ;3rd Class Passenger ;
WAKE, Mr Percy ;37 ;Victualling Crew ;
WALKER, Mr William Anderson ;48 ;1st Class Passenger ;
WALLIS, Mrs Catherine Jane ;36 ;Victualling Crew ;
C. Wallis
WALPOLE, Mr James ;48 ;Victualling Crew ;
J. Walpole
WALSH, Miss Catherine ;32 ;Victualling Crew ;
WARD, Mr Percy Thomas ;40 ;Victualling Crew ;
WARD, Mr Edward Bryon ;34 ;Victualling Crew ;
WARD, Mr James William ;31 ;Engineering Crew ;
WARD, Mr Arthur ;23 ;Engineering Crew ;
A. Ward
WARDNER, Mr Fred Albert ;40 ;Engineering Crew ;
WARE, Mr John James ;47 ;2nd Class Passenger ;
WARE, Mr Frederick ;35 ;3rd Class Passenger ;
WARE, Mr William Jeffery ;23 ;2nd Class Passenger ;
W. Ware
WAREHAM, Mr Robert Arthur ;37 ;Victualling Crew ;
WARREN, Mr Charles William ;31 ;3rd Class Passenger ;
WARREN, Mr Frank Manley ;63 ;1st Class Passenger ;
F. Warren
WARWICK, Mr Tom ;26 ;Victualling Crew ;
WATERIDGE, Mr Edward Lewis ;26 ;Engineering Crew ;
WATSON, Mr Willim ;27 ;Engineering Crew ;
WATSON, Mr Ennis Hastings ;19 ;2nd Class Passenger
H&W Guarantee Group ;
WATSON, Mr William Albert ;15 ;Victualling Crew ;
WAZNAH, Mr Yūsuf Ahmad ;23 ;3rd Class Passenger ;
WEATHERSTON, Mr Thomas Herbert ;25 ;Victualling Crew ;
WEBB, Mr Brook Holding ;50 ;Victualling Crew ;
B. Webb
WEBB, Mr Samuel Francis ;28 ;Engineering Crew ;
WEBBER, Mr Francis Albert ;31 ;Engineering Crew ;
WEBBER, Mr James ;66 ;3rd Class Passenger ;
WEIR, Colonel John ;61 ;1st Class Passenger ;
J. Weir
WEISZ, Mr Léopold ;37 ;2nd Class Passenger ;
L. Weisz
WELCH, Mr William Harold ;21 ;Victualling Crew ;
WENDEL, Mr Olof Edvin ;20 ;3rd Class Passenger ;
WEST, Mr Edwy Arthur ;36 ;2nd Class Passenger ;
WHEADON, Mr Edward Henry ;65 ;2nd Class Passenger ;
WHEELER, Mr Edwin Charles ;26 ;2nd Class Passenger
Servant ;
E. Wheeler
WHITE, Mr Arthur ;37 ;Victualling Crew ;
A. White
WHITE, Mr Frank Leonard ;27 ;Engineering Crew ;
WHITE, Mr Richard Frasar ;21 ;1st Class Passenger ;
R. White
WHITE, Mr Leonard Lisle Oliver ;32 ;Victualling Crew ;
WHITE, Mr Albert ;17 ;Engineering Crew ;
WHITE, Mr Percival Wayland ;54 ;1st Class Passenger ;
P. White
WHITE, Mr Edward Joseph ;27 ;Victualling Crew ;
WHITFORD, Mr Alfred Henry ;39 ;Victualling Crew ;
WICK, Col. George Dennick ;57 ;1st Class Passenger ;
G. Wick
WIDEGREN, Mr Carl Peter ;51 ;3rd Class Passenger ;
WIDENER, Mr Harry Elkins ;27 ;1st Class Passenger ;
H. Widener
WIDENER, Mr George Dunton ;50 ;1st Class Passenger ;
G. Widener
WIKLUND, Mr Jakob Alfred ;18 ;3rd Class Passenger ;
WIKLUND, Mr Karl Johan ;21 ;3rd Class Passenger ;
WILDE, Mr Henry Tingle ;39 ;Deck Crew
Titanic Officers ;
H. Wilde
WILLER, Mr Aaron ;37 ;3rd Class Passenger ;
WILLEY, Mr Edward John ;21 ;3rd Class Passenger ;
WILLIAMS, Mr Charles Duane ;51 ;1st Class Passenger ;
C. Williams
WILLIAMS, Mr Samuel Solomon ;26 ;Engineering Crew ;
S. Williams
WILLIAMS, Mr Arthur John ;42 ;Victualling Crew ;
WILLIAMS, Mr Fletcher Fellowes Lambert ;43 ;1st Class Passenger ;
WILLIAMS, Mr Leslie ;24 ;3rd Class Passenger ;
L. Williams
WILLIAMS, Mr Howard Hugh ;28 ;3rd Class Passenger ;
WILLIAMSON, Mr James Bertram ;35 ;Victualling Crew
Postal Clerk ;
J. Williamson
WILLIS, Mr William ;59 ;Victualling Crew ;
WILLSHER, Mr William Aubrey ;34 ;Victualling Crew ;
WILSON, Mr Herbert 'Bertie' ;28 ;Engineering Crew ;
H. Wilson
WILTON, Mr William Edward ;53 ;Engineering Crew ;
WINDELøV, Mr Einar ;21 ;3rd Class Passenger ;
E. Windeløv
WINSER, Mr Rowland ;36 ;Victualling Crew ;
WIRZ, Mr Albert ;17 ;3rd Class Passenger ;
WISEMAN, Mr Philippe ;54 ;3rd Class Passenger ;
WITCHER, Mr Albert Ernest ;39 ;Engineering Crew ;
WITT, Mr Henry Dennis ;37 ;Engineering Crew
Substitute Crew ;
WITTEVRONGEL, Mr Camilius Aloysius ;36 ;3rd Class Passenger ;
WITTMAN, Mr Henry ;39 ;Victualling Crew ;
WITTS, Mr William Francis ;35 ;Engineering Crew ;
WOOD, Mr James Thomas ;49 ;Victualling Crew ;
J. Wood
WOOD, Mr Henry ;31 ;Engineering Crew ;
WOODFORD, Mr Frederick Ernest ;40 ;Engineering Crew ;
WOODWARD, Mr John Wesley ;32 ;2nd Class Passenger
Musician ;
J. Woodward
WOODY, Mr Oscar Scott ;41 ;Victualling Crew
Postal Clerk ;
O. Woody
WORMALD, Mr Henry Frederick Charles ;45 ;Victualling Crew ;
WORTHMAN, Mr William Henry ;37 ;Engineering Crew ;
WRAPSON, Mr Frederick Bernard ;19 ;Victualling Crew ;
WRIGHT, Mr Frederick ;24 ;Victualling Crew ;
F. Wright
WRIGHT, Mr George ;62 ;1st Class Passenger ;
G. Wright
WYETH, Mr James Robert ;25 ;Engineering Crew ;
YASBECK, Mr Antoni ;27 ;3rd Class Passenger ;
YOUNG, Mr Francis James ;32 ;Engineering Crew ;
F. Young
YOUSSIFF (SAM'AAN), Mr Gerios ;45 ;3rd Class Passenger ;
YVOIS, Miss Henriette ;22 ;2nd Class Passenger ;
H. Yvois
ZAKARIAN, Mr Mapriededer ;22 ;3rd Class Passenger ;
ZAKARIAN, Mr Ortin ;27 ;3rd Class Passenger ;
ZANETTI, Sig. Minio ;20 ;Restaurant Staff ;
ZARRACCHI, Sig. L. ;26 ;Restaurant Staff ;
L. Zarracchi
ZIMMERMANN, Mr Leo ;29 ;3rd Class Passenger ;
ØSTBY, Mr Engelhart Cornelius ;64 ;1st Class Passenger ;
E. Østby
